Date	Open	High	Low	Close
2005-04-13	121.34	121.34	121.34	121.34
2005-04-14	120.94	120.94	120.84	120.84
2005-04-15	119.74	119.74	118.5	118.5
2005-04-18	116.32	116.32	115.88	115.88
2005-04-19	116.44	116.44	116.15	116.15
2005-04-20	116.71	116.71	115.68	115.68
2005-04-21	115.2	115.72	115.2	115.72
2005-04-22	116.74	116.74	116.64	116.64
2005-04-25	116.62	117.15	116.57	117.15
2005-04-26	117.28	117.28	116.81	116.81
2005-04-27	116.92	116.92	115.4	115.4
2005-04-28	116.09	116.09	115.4	115.4
2005-04-29	114.82	115.45	114.82	115.45
2005-05-02	116.58	116.58	116.58	116.58
2005-05-03	116.64	116.94	116.64	116.94
2005-05-04	117.22	117.45	117.19	117.44
2005-05-05	117.97	118.44	117.97	118.44
2005-05-06	118.28	118.75	118.28	118.7
2005-05-09	118.87	118.87	118.34	118.34
2005-05-10	118.54	118.54	117.5	117.5
2005-05-11	117.59	117.59	117.14	117.14
2005-05-12	117.9	118.0	117.9	118.0
2005-05-13	117.59	117.81	117.59	117.81
2005-05-16	117.79	117.79	117.79	117.79
2005-05-17	118.02	118.02	117.39	117.44
2005-05-18	118.0	119.5	118.0	119.5
2005-05-19	120.05	120.5	120.05	120.46
2005-05-20	120.46	120.46	120.3	120.3
2005-05-23	120.8	121.1	120.78	121.04
2005-05-24	121.1	121.1	120.81	121.04
2005-05-25	121.17	121.17	120.8	120.8
2005-05-26	121.24	121.97	121.24	121.97
2005-05-27	122.2	122.2	121.85	121.97
2005-05-30	121.8	122.71	121.8	122.71
2005-05-31	122.51	122.51	122.27	122.27
2005-06-01	122.78	122.8	122.78	122.8
2005-06-02	124.12	124.49	123.89	124.49
2005-06-03	124.6	124.6	123.61	123.61
2005-06-06	123.69	123.69	123.14	123.14
2005-06-07	123.4	123.73	123.4	123.73
2005-06-08	124.14	124.3	124.1	124.22
2005-06-09	123.94	124.14	123.85	124.14
2005-06-10	124.8	124.88	124.8	124.88
2005-06-13	125.14	125.6	125.03	125.6
2005-06-14	125.38	125.78	125.38	125.78
2005-06-15	125.81	126.18	125.3	125.38
2005-06-16	126.07	126.22	126.07	126.22
2005-06-17	127.0	127.0	126.85	126.85
2005-06-20	126.42	126.42	126.42	126.42
2005-06-21	126.9	126.98	126.9	126.98
2005-06-22	127.0	127.0	127.0	127.0
2005-06-23	127.7	127.88	127.54	127.88
2005-06-24	127.02	127.02	126.91	126.91
2005-06-27	126.07	126.07	125.5	125.5
2005-06-28	126.25	126.6	126.25	126.6
2005-06-29	126.8	127.38	126.8	127.19
2005-06-30	127.19	127.43	127.11	127.34
2005-07-01	127.6	128.48	127.6	128.48
2005-07-04	128.77	128.77	128.56	128.56
2005-07-05	128.2	128.46	128.2	128.46
2005-07-06	129.3	129.3	129.11	129.11
2005-07-07	128.93	128.93	124.85	126.6
2005-07-08	128.15	129.21	128.15	128.98
2005-07-11	129.81	129.96	129.81	129.96
2005-07-12	129.79	129.79	129.3	129.3
2005-07-13	129.79	130.41	129.79	130.41
2005-07-14	130.72	131.02	130.72	131.02
2005-07-15	131.05	131.05	130.9	130.9
2005-07-18	130.94	130.94	130.94	130.94
2005-07-19	131.2	132.42	131.2	132.42
2005-07-20	132.6	132.6	130.5	132.41
2005-07-21	132.78	133.1	132.3	132.52
2005-07-22	132.57	132.57	132.3	132.49
2005-07-25	133.2	133.2	132.06	133.08
2005-07-26	132.48	133.03	132.48	133.03
2005-07-27	133.0	133.25	133.0	133.14
2005-07-28	134.05	134.05	133.58	134.02
2005-07-29	134.37	134.51	133.5	133.5
2005-08-01	133.45	133.45	133.45	133.45
2005-08-02	133.69	134.0	133.69	134.0
2005-08-03	135.0	135.19	134.43	135.19
2005-08-04	133.7	133.7	133.58	133.58
2005-08-05	133.19	133.19	132.69	132.88
2005-08-08	133.24	133.62	133.06	133.3
2005-08-09	133.28	134.67	133.28	134.67
2005-08-10	135.06	135.81	135.06	135.81
2005-08-11	135.73	135.9	135.73	135.9
2005-08-12	135.3	135.3	135.3	135.3
2005-08-15	135.0	135.0	135.0	135.0
2005-08-16	135.3	135.3	134.93	134.93
2005-08-17	133.5	133.5	133.47	133.47
2005-08-18	133.18	133.18	132.94	133.0
2005-08-19	134.37	134.37	134.37	134.37
2005-08-22	134.89	134.89	134.89	134.89
2005-08-23	134.53	134.53	133.98	133.98
2005-08-24	133.2	133.2	132.7	133.11
2005-08-25	132.6	132.6	132.1	132.26
2005-08-26	132.33	132.33	131.62	131.62
2005-08-29	130.3	130.54	130.3	130.54
2005-08-30	131.86	131.86	131.83	131.83
2005-08-31	132.24	132.79	132.24	132.63
2005-09-01	133.7	133.99	133.7	133.99
2005-09-05	134.15	134.2	134.15	134.2
2005-09-06	135.2	136.0	135.2	136.0
2005-09-07	136.68	136.68	136.4	136.56
2005-09-08	136.32	136.37	136.32	136.37
2005-09-09	136.64	136.64	136.64	136.64
2005-09-12	137.63	137.63	137.0	137.0
2005-09-13	137.08	137.08	135.75	136.02
2005-09-14	136.55	136.55	136.55	136.55
2005-09-15	135.78	136.37	135.78	136.33
2005-09-16	136.5	137.07	136.5	137.07
2005-09-19	136.68	136.68	136.3	136.63
2005-09-20	137.4	137.4	137.25	137.36
2005-09-21	137.1	137.1	136.3	136.3
2005-09-22	135.47	135.6	135.47	135.6
2005-09-23	135.9	136.45	135.9	136.13
2005-09-26	137.6	138.7	137.6	138.7
2005-09-28	139.0	139.82	139.0	139.82
2005-09-30	140.18	140.59	140.18	140.59
2005-10-03	140.89	140.9	140.89	140.9
2005-10-04	141.1	141.65	140.86	141.65
2005-10-05	141.04	141.04	140.42	140.56
2005-10-06	138.82	138.82	137.77	137.77
2005-10-07	137.95	137.95	137.65	137.77
2005-10-10	138.62	138.68	138.62	138.68
2005-10-11	138.69	138.69	138.69	138.69
2005-10-12	137.66	137.66	137.66	137.66
2005-10-13	136.32	136.32	135.97	135.97
2005-10-17	137.23	137.26	136.7	136.7
2005-10-18	136.99	136.99	136.5	136.5
2005-10-19	134.6	134.6	134.23	134.23
2005-10-20	135.07	135.07	135.0	135.0
2005-10-21	133.47	133.6	133.47	133.6
2005-10-24	133.8	134.42	133.5	134.42
2005-10-25	135.0	135.0	135.0	135.0
2005-10-26	135.38	135.51	135.0	135.51
2005-10-27	134.3	134.3	133.5	133.5
2005-10-28	132.36	132.36	132.36	132.36
2005-10-31	134.51	135.41	134.51	135.41
2005-11-01	136.7	136.7	136.7	136.7
2005-11-02	136.51	136.51	136.51	136.51
2005-11-03	137.67	138.66	137.67	138.66
2005-11-04	138.66	138.66	138.66	138.66
2005-11-07	138.7	138.91	138.7	138.91
2005-11-08	139.14	139.14	138.52	138.52
2005-11-10	139.0	139.2	138.8	138.8
2005-11-11	139.61	139.61	139.6	139.6
2005-11-14	141.03	141.03	141.03	141.03
2005-11-15	140.8	141.2	140.63	141.2
2005-11-16	140.47	140.47	140.38	140.38
2005-11-17	140.6	140.6	140.6	140.6
2005-11-18	142.38	142.38	142.1	142.1
2005-11-21	142.29	142.35	141.82	142.35
2005-11-23	143.47	143.47	142.9	142.9
2005-11-24	143.7	143.7	143.0	143.15
2005-11-25	143.6	143.61	143.35	143.35
2005-11-28	144.0	144.0	143.4	143.4
2005-11-29	142.8	143.0	142.58	143.0
2005-11-30	143.0	143.0	142.99	142.99
2005-12-01	143.85	144.06	143.85	144.06
2005-12-02	145.62	145.62	145.15	145.4
2005-12-05	145.68	145.8	144.9	144.9
2005-12-06	145.1	145.85	144.9	145.53
2005-12-07	145.86	146.23	145.4	145.4
2005-12-08	144.74	145.11	144.29	145.11
2005-12-09	145.3	145.3	144.88	145.07
2005-12-12	146.14	146.14	145.7	145.9
2005-12-13	145.7	145.8	145.4	145.4
2005-12-14	146.1	146.1	145.28	145.87
2005-12-15	145.8	145.8	145.1	145.21
2005-12-16	146.6	146.7	146.6	146.7
2005-12-19	146.7	146.7	146.7	146.7
2005-12-20	146.19	146.86	146.19	146.86
2005-12-21	147.21	148.23	147.21	148.23
2005-12-22	148.25	148.25	148.07	148.07
2005-12-27	148.8	149.08	148.71	149.08
2005-12-28	148.95	148.95	148.9	148.9
2005-12-29	149.37	149.38	149.35	149.38
2005-12-30	148.5	148.5	147.97	147.97
2006-01-02	148.99	149.1	148.88	149.1
2006-01-03	150.4	150.54	150.19	150.19
2006-01-04	151.05	151.05	150.4	150.4
2006-01-05	151.27	151.27	150.7	150.7
2006-01-06	151.07	151.3	151.07	151.3
2006-01-09	151.94	151.99	151.72	151.87
2006-01-10	151.07	151.08	150.8	150.99
2006-01-11	151.4	152.14	151.4	151.87
2006-01-12	152.0	152.65	152.0	152.65
2006-01-13	152.6	152.6	151.0	151.0
2006-01-16	151.27	151.9	151.27	151.9
2006-01-17	151.1	151.1	150.4	150.8
2006-01-18	148.6	149.2	148.09	149.0
2006-01-19	149.9	150.14	149.79	150.14
2006-01-20	150.7	150.9	148.9	148.9
2006-01-23	147.07	147.9	147.07	147.9
2006-01-24	148.3	148.3	148.1	148.1
2006-01-25	148.5	149.93	148.5	149.93
2006-01-26	150.5	152.09	150.5	152.0
2006-01-27	154.1	154.1	153.3	153.3
2006-01-30	154.73	155.15	154.56	154.8
2006-01-31	155.85	155.85	154.7	155.51
2006-02-01	155.0	156.8	155.0	156.8
2006-02-02	157.14	157.14	155.4	155.4
2006-02-03	155.4	155.4	154.9	154.93
2006-02-06	156.02	156.4	155.6	155.8
2006-02-07	155.5	155.62	155.0	155.62
2006-02-09	156.1	156.59	156.1	156.59
2006-02-10	157.0	157.24	155.9	155.9
2006-02-13	156.3	157.16	156.3	157.16
2006-02-14	158.25	158.25	157.0	157.8
2006-02-15	157.78	157.92	157.52	157.92
2006-02-16	157.6	158.67	157.6	158.67
2006-02-17	158.72	159.39	158.58	159.39
2006-02-20	159.2	159.47	158.9	159.47
2006-02-21	159.5	161.05	159.5	160.9
2006-02-22	160.03	161.29	160.03	161.29
2006-02-23	162.28	162.28	160.9	161.79
2006-02-24	161.8	162.12	161.5	162.12
2006-02-27	162.4	162.4	162.09	162.2
2006-02-28	162.57	162.57	160.3	160.3
2006-03-01	160.0	161.09	160.0	161.0
2006-03-02	161.7	161.7	159.49	159.49
2006-03-03	159.78	159.78	158.3	158.3
2006-03-06	159.0	159.8	158.98	159.6
2006-03-07	158.5	158.5	157.5	157.5
2006-03-08	158.4	158.5	156.85	156.9
2006-03-10	158.67	160.06	158.6	160.06
2006-03-13	161.22	161.65	161.15	161.61
2006-03-14	161.29	161.29	161.1	161.1
2006-03-15	162.13	162.74	162.12	162.12
2006-03-16	161.77	162.16	161.77	162.16
2006-03-17	162.8	163.5	162.45	162.86
2006-03-20	163.9	163.94	163.0	163.19
2006-03-21	162.8	163.53	162.0	163.53
2006-03-22	162.42	163.29	162.42	163.29
2006-03-23	163.71	163.71	163.71	163.71
2006-03-24	163.49	163.68	163.49	163.68
2006-03-27	163.6	163.6	162.5	162.5
2006-03-28	162.49	162.49	162.49	162.49
2006-03-29	162.0	162.18	161.5	162.18
2006-03-30	163.55	164.0	163.3	164.0
2006-03-31	163.8	163.8	163.26	163.26
2006-04-03	164.0	164.6	163.67	163.76
2006-04-04	163.8	164.1	163.49	163.8
2006-04-05	164.4	164.43	163.9	164.43
2006-04-06	164.53	164.7	164.34	164.5
2006-04-07	164.6	165.1	163.5	163.5
2006-04-10	162.51	163.02	159.2	159.2
2006-04-11	159.9	159.9	159.0	159.0
2006-04-12	157.62	157.62	156.6	157.17
2006-04-13	157.7	157.7	156.44	156.9
2006-04-18	157.39	157.39	156.5	156.77
2006-04-19	158.9	158.9	158.88	158.88
2006-04-20	160.5	161.0	160.5	161.0
2006-04-21	161.11	161.76	161.11	161.76
2006-04-24	161.4	161.7	161.4	161.7
2006-04-25	162.0	162.0	162.0	162.0
2006-04-26	161.95	162.8	161.95	162.71
2006-04-27	162.8	162.8	160.59	160.59
2006-04-28	161.13	161.13	160.7	160.7
2006-05-02	160.8	161.8	160.8	161.8
2006-05-03	161.98	161.98	160.8	160.8
2006-05-04	160.9	160.9	160.9	160.9
2006-05-05	162.0	163.25	162.0	163.25
2006-05-08	164.0	164.2	164.0	164.1
2006-05-09	163.9	164.43	163.9	163.9
2006-05-10	164.6	164.6	164.6	164.6
2006-05-11	164.83	164.83	164.6	164.7
2006-05-12	162.28	162.28	159.58	159.58
2006-05-15	158.9	158.9	156.33	157.8
2006-05-16	156.88	157.8	156.88	157.77
2006-05-17	158.12	158.12	153.93	153.93
2006-05-18	152.6	152.9	150.4	151.7
2006-05-19	153.23	153.23	152.72	152.97
2006-05-22	151.68	151.69	148.8	148.8
2006-05-23	149.98	152.1	149.98	152.1
2006-05-24	150.89	151.1	150.0	150.71
2006-05-26	154.02	154.87	153.8	154.7
2006-05-29	155.16	155.16	155.02	155.14
2006-05-30	155.1	155.1	151.29	151.4
2006-05-31	149.74	152.7	149.74	152.6
2006-06-01	152.7	152.75	152.14	152.75
2006-06-05	152.43	152.43	152.43	152.43
2006-06-06	150.88	150.96	150.55	150.55
2006-06-07	150.56	150.56	150.56	150.56
2006-06-08	147.56	148.0	147.14	147.14
2006-06-09	148.46	149.0	148.46	148.86
2006-06-12	148.54	148.54	148.0	148.0
2006-06-13	145.4	145.4	144.21	144.21
2006-06-14	145.0	145.0	145.0	145.0
2006-06-15	146.5	147.8	146.5	147.8
2006-06-16	147.74	147.74	147.2	147.2
2006-06-19	147.6	148.68	147.6	147.8
2006-06-21	147.75	147.75	147.75	147.75
2006-06-22	150.24	150.43	149.96	150.2
2006-06-23	149.42	150.29	149.42	150.29
2006-06-26	150.7	150.7	150.09	150.09
2006-06-27	149.8	149.8	148.86	148.86
2006-06-28	148.1	149.23	148.1	148.45
2006-06-29	149.77	149.77	149.77	149.77
2006-07-03	154.45	154.45	154.42	154.42
2006-07-04	155.23	155.23	155.23	155.23
2006-07-05	153.47	153.47	153.47	153.47
2006-07-06	154.36	154.36	154.36	154.36
2006-07-07	154.65	154.65	154.15	154.2
2006-07-10	155.15	155.15	155.15	155.15
2006-07-11	154.97	154.97	154.97	154.97
2006-07-12	154.94	154.94	154.94	154.94
2006-07-13	153.45	153.45	152.16	152.16
2006-07-14	150.13	150.13	149.64	149.64
2006-07-17	148.7	148.7	148.24	148.24
2006-07-18	149.4	149.4	149.4	149.4
2006-07-19	149.5	149.5	149.5	149.5
2006-07-20	153.0	153.2	153.0	153.2
2006-07-24	151.8	153.1	151.5	153.1
2006-07-25	154.05	154.05	152.8	152.8
2006-07-26	153.6	153.6	153.4	153.4
2006-07-27	154.25	156.09	154.25	156.01
2006-07-28	155.61	157.3	155.61	157.3
2006-07-31	157.7	157.7	157.13	157.3
2006-08-01	157.02	157.02	154.88	155.43
2006-08-02	156.9	156.9	156.9	156.9
2006-08-03	156.9	157.0	156.13	156.13
2006-08-04	157.28	157.81	157.2	157.81
2006-08-07	157.41	157.41	157.0	157.07
2006-08-08	157.54	157.54	157.5	157.5
2006-08-09	157.02	157.02	157.02	157.02
2006-08-10	156.27	156.27	156.27	156.27
2006-08-11	157.43	157.43	157.43	157.43
2006-08-14	158.3	158.3	158.3	158.3
2006-08-15	158.87	158.98	158.87	158.98
2006-08-16	160.81	161.1	160.8	161.1
2006-08-17	161.3	162.04	161.3	162.04
2006-08-18	162.14	162.18	161.66	161.66
2006-08-22	161.1	161.56	160.6	161.56
2006-08-23	161.78	161.78	160.49	160.49
2006-08-24	161.55	161.55	161.55	161.55
2006-08-25	161.78	161.78	161.5	161.5
2006-08-28	160.8	161.89	160.8	161.89
2006-08-29	162.1	162.71	162.1	162.4
2006-08-30	162.41	162.5	162.34	162.5
2006-08-31	163.0	163.0	162.32	162.32
2006-09-01	163.16	163.44	162.73	162.73
2006-09-04	163.3	164.09	163.3	163.85
2006-09-05	164.0	164.0	162.6	163.01
2006-09-06	163.31	163.31	161.2	161.55
2006-09-07	161.19	161.19	160.18	160.18
2006-09-08	160.82	161.1	160.4	160.94
2006-09-11	160.1	160.21	160.1	160.21
2006-09-12	159.73	162.43	159.73	162.43
2006-09-13	163.17	163.17	162.75	163.08
2006-09-14	163.48	163.48	163.08	163.08
2006-09-15	163.15	163.8	163.15	163.8
2006-09-18	164.04	164.1	163.52	163.52
2006-09-19	162.66	162.66	162.66	162.66
2006-09-20	163.3	164.77	163.3	164.77
2006-09-21	165.0	165.66	165.0	165.4
2006-09-22	164.0	164.34	163.58	163.58
2006-09-25	164.17	164.17	163.44	163.44
2006-09-26	164.3	165.9	164.3	165.77
2006-09-27	165.94	167.02	165.94	166.82
2006-09-28	167.09	167.6	166.55	167.6
2006-09-29	167.38	167.87	167.38	167.46
2006-10-02	167.44	167.44	167.0	167.0
2006-10-03	166.18	166.26	166.17	166.17
2006-10-04	167.82	167.98	167.77	167.77
2006-10-05	168.8	169.08	168.8	169.08
2006-10-06	169.13	169.13	168.88	168.88
2006-10-09	168.81	169.16	168.81	169.01
2006-10-10	169.66	170.14	169.66	169.94
2006-10-11	169.47	169.87	169.47	169.87
2006-10-12	170.41	172.08	170.41	172.08
2006-10-13	172.9	172.9	172.02	172.48
2006-10-16	172.87	172.87	172.24	172.24
2006-10-17	172.39	172.39	170.09	170.09
2006-10-18	170.74	172.34	170.74	172.34
2006-10-19	171.65	172.35	171.65	172.35
2006-10-20	173.0	173.37	172.26	172.26
2006-10-23	172.79	173.68	172.06	173.68
2006-10-24	173.6	173.6	173.04	173.32
2006-10-25	173.82	173.82	173.82	173.82
2006-10-26	174.45	174.95	173.93	173.93
2006-10-27	174.7	174.7	173.35	173.93
2006-10-30	173.17	173.17	173.03	173.03
2006-10-31	174.44	174.44	173.8	173.9
2006-11-01	173.93	174.39	173.93	174.39
2006-11-02	172.68	172.71	172.44	172.71
2006-11-03	173.27	173.42	173.27	173.42
2006-11-06	174.06	175.52	174.06	175.32
2006-11-07	176.03	176.71	176.03	176.71
2006-11-08	175.71	176.53	175.55	176.53
2006-11-09	176.94	176.94	176.2	176.58
2006-11-10	175.92	175.92	175.92	175.92
2006-11-13	175.94	177.07	175.94	177.07
2006-11-14	177.1	177.8	176.7	176.81
2006-11-15	177.85	177.85	177.62	177.77
2006-11-16	177.75	177.9	177.75	177.78
2006-11-17	178.0	178.0	176.62	176.62
2006-11-20	176.08	177.4	175.33	177.4
2006-11-21	177.5	177.62	177.49	177.5
2006-11-22	177.58	178.14	177.27	177.27
2006-11-23	177.32	177.32	177.32	177.32
2006-11-24	176.22	176.22	174.3	175.14
2006-11-27	174.84	174.84	172.4	172.97
2006-11-28	172.1	172.45	171.84	172.15
2006-11-29	173.25	174.84	173.25	174.34
2006-11-30	175.1	175.1	173.3	173.3
2006-12-01	173.68	173.68	171.2	171.2
2006-12-04	171.7	172.6	171.32	172.6
2006-12-05	173.1	174.38	173.1	174.38
2006-12-06	174.11	174.42	174.11	174.16
2006-12-07	175.07	175.07	175.07	175.07
2006-12-08	174.49	174.9	174.49	174.9
2006-12-11	175.51	176.0	175.51	176.0
2006-12-12	176.45	176.45	175.64	175.8
2006-12-13	177.37	177.9	177.2	177.67
2006-12-14	178.43	178.97	178.43	178.97
2006-12-15	179.51	180.15	179.51	179.76
2006-12-18	179.83	180.26	179.7	180.26
2006-12-19	178.05	178.99	178.05	178.99
2006-12-20	179.64	179.76	179.57	179.76
2006-12-21	179.31	179.89	179.18	179.3
2006-12-22	179.41	179.41	177.82	177.82
2006-12-27	178.75	179.93	178.75	179.8
2006-12-28	180.48	180.83	180.07	180.36
2006-12-29	180.34	180.34	180.01	180.01
2007-01-02	182.24	182.7	182.02	182.68
2007-01-03	182.79	183.18	182.21	182.79
2007-01-04	181.46	182.47	181.46	182.47
2007-01-05	182.1	182.4	180.95	180.95
2007-01-08	180.91	181.86	180.45	180.45
2007-01-09	181.5	181.86	181.5	181.5
2007-01-10	180.36	180.4	179.29	179.29
2007-01-11	180.94	182.45	180.94	182.24
2007-01-12	182.29	183.23	182.29	182.75
2007-01-15	183.54	184.47	183.54	183.9
2007-01-16	184.48	184.48	183.24	183.27
2007-01-17	183.51	183.51	182.22	182.22
2007-01-18	183.46	183.46	181.7	182.4
2007-01-19	182.57	184.34	182.5	183.7
2007-01-22	184.54	184.54	182.95	182.95
2007-01-23	183.29	183.29	182.01	182.58
2007-01-24	183.0	184.98	183.0	184.98
2007-01-25	184.0	184.0	183.4	183.4
2007-01-26	182.81	182.96	182.21	182.21
2007-01-29	182.43	183.6	182.43	183.17
2007-01-30	182.93	183.97	182.93	183.97
2007-01-31	184.08	184.08	183.21	183.21
2007-02-01	184.89	185.3	184.63	184.83
2007-02-02	185.46	185.5	185.0	185.49
2007-02-05	185.85	185.85	185.08	185.55
2007-02-06	186.58	186.58	185.68	185.76
2007-02-07	186.46	186.94	186.46	186.49
2007-02-08	186.72	186.72	185.52	185.74
2007-02-09	186.94	186.94	186.35	186.37
2007-02-12	186.21	186.21	185.27	185.43
2007-02-13	185.43	186.06	185.3	186.0
2007-02-14	186.0	187.19	186.0	187.19
2007-02-15	187.12	187.12	186.63	186.63
2007-02-16	186.65	186.65	186.65	186.65
2007-02-19	186.75	187.89	186.75	187.4
2007-02-20	186.22	186.83	186.22	186.83
2007-02-21	187.37	187.98	186.16	186.23
2007-02-22	187.55	187.83	186.71	186.71
2007-02-23	187.45	187.45	186.98	187.06
2007-02-26	187.44	188.78	187.44	188.14
2007-02-27	187.26	187.26	182.75	182.75
2007-02-28	179.32	181.61	179.32	180.8
2007-03-01	181.31	181.31	175.04	178.02
2007-03-02	178.4	178.4	177.17	177.17
2007-03-05	173.85	175.77	173.34	175.77
2007-03-06	176.92	177.07	176.54	177.03
2007-03-07	177.38	177.62	177.38	177.6
2007-03-08	179.32	180.24	179.32	179.57
2007-03-09	180.48	180.7	180.48	180.7
2007-03-12	180.85	181.31	179.35	179.8
2007-03-13	178.91	179.81	178.15	178.26
2007-03-14	174.45	174.45	173.55	173.7
2007-03-15	174.89	175.39	174.36	174.69
2007-03-16	174.88	175.0	174.24	174.9
2007-03-19	177.19	178.43	177.19	178.43
2007-03-20	178.72	179.18	177.64	179.15
2007-03-21	179.26	179.26	179.06	179.06
2007-03-22	181.82	183.41	181.82	182.8
2007-03-23	182.1	184.2	182.1	183.93
2007-03-26	183.25	183.9	181.55	181.94
2007-03-27	182.8	182.98	181.96	182.6
2007-03-28	182.2	182.2	181.2	181.24
2007-03-29	181.63	183.69	181.63	183.69
2007-03-30	183.39	184.55	182.47	183.93
2007-04-02	183.1	184.41	182.81	184.41
2007-04-03	185.63	186.48	184.82	186.48
2007-04-04	186.2	186.87	186.2	186.83
2007-04-05	186.75	187.04	186.75	187.04
2007-04-10	188.05	188.53	187.9	188.4
2007-04-11	188.45	188.78	188.09	188.35
2007-04-12	188.08	188.2	187.59	187.84
2007-04-13	188.12	189.17	188.12	189.17
2007-04-16	190.65	191.8	190.65	191.8
2007-04-17	191.78	192.35	191.2	192.12
2007-04-18	192.0	192.0	191.04	191.04
2007-04-19	189.39	190.11	189.0	190.11
2007-04-20	191.29	193.47	191.29	193.07
2007-04-23	193.75	193.75	192.18	192.51
2007-04-24	192.68	192.68	190.6	190.78
2007-04-25	191.84	192.29	191.52	192.29
2007-04-26	193.8	193.9	193.59	193.59
2007-04-27	193.45	193.45	192.3	193.0
2007-04-30	192.76	193.95	192.76	193.22
2007-05-02	193.47	194.41	193.47	193.77
2007-05-03	194.26	194.26	193.45	194.19
2007-05-04	194.45	195.9	194.45	195.9
2007-05-07	196.25	196.25	195.72	195.89
2007-05-08	195.74	195.74	194.25	194.44
2007-05-09	194.24	194.85	194.08	194.73
2007-05-10	195.19	195.19	194.23	194.23
2007-05-11	192.68	194.9	191.33	194.9
2007-05-14	195.89	195.89	194.48	194.48
2007-05-15	194.73	196.18	194.38	196.18
2007-05-16	195.78	195.78	195.18	195.18
2007-05-17	195.8	195.8	195.47	195.47
2007-05-18	196.0	197.65	196.0	197.57
2007-05-21	197.77	198.78	197.59	198.16
2007-05-22	197.88	199.2	197.88	198.7
2007-05-23	199.14	199.92	198.8	199.92
2007-05-24	198.9	199.58	198.09	198.09
2007-05-25	197.4	198.8	197.4	198.8
2007-05-28	199.3	199.45	199.1	199.45
2007-05-29	199.5	199.51	199.5	199.51
2007-05-30	198.62	199.37	198.01	199.22
2007-05-31	200.55	201.28	200.55	200.98
2007-06-01	201.8	203.18	201.8	202.89
2007-06-04	202.8	203.28	202.18	202.18
2007-06-05	202.89	202.89	201.28	201.53
2007-06-06	198.68	198.98	197.5	198.12
2007-06-07	198.8	198.8	195.29	195.93
2007-06-08	195.24	196.22	195.1	195.67
2007-06-11	196.74	197.41	196.03	197.25
2007-06-12	196.75	198.05	196.0	196.0
2007-06-13	195.45	195.45	195.18	195.18
2007-06-14	198.64	200.28	198.64	200.28
2007-06-15	200.69	202.53	200.69	202.53
2007-06-18	202.65	202.65	202.19	202.19
2007-06-19	203.0	203.0	202.39	202.39
2007-06-20	203.5	203.5	202.98	202.98
2007-06-21	201.99	201.99	200.0	201.15
2007-06-22	200.45	200.45	199.84	200.29
2007-06-25	198.95	199.88	198.0	199.73
2007-06-26	198.33	198.9	197.97	198.17
2007-06-27	196.55	196.55	195.65	196.45
2007-06-28	198.17	198.57	198.13	198.3
2007-06-29	199.41	199.43	198.6	199.43
2007-07-02	198.35	199.12	198.35	199.12
2007-07-03	200.25	201.21	200.25	200.54
2007-07-04	201.05	201.42	200.95	201.25
2007-07-05	200.65	200.65	199.49	199.49
2007-07-06	199.45	201.13	199.45	201.13
2007-07-09	201.75	202.3	201.7	201.7
2007-07-10	200.7	200.7	199.16	199.45
2007-07-11	197.65	198.26	196.65	198.26
2007-07-12	199.15	200.03	199.15	200.03
2007-07-13	201.73	202.0	201.55	201.97
2007-07-16	202.05	202.58	202.05	202.58
2007-07-17	202.34	202.35	200.65	201.0
2007-07-18	199.35	200.33	199.05	199.19
2007-07-19	199.75	200.57	199.52	200.13
2007-07-20	200.56	200.56	197.38	197.38
2007-07-23	197.35	198.41	197.35	198.41
2007-07-24	198.75	198.75	196.04	196.04
2007-07-25	194.4	195.45	193.56	194.07
2007-07-26	194.5	194.6	189.38	189.38
2007-07-27	187.7	189.0	187.14	188.48
2007-07-30	188.86	188.86	187.0	187.65
2007-07-31	189.41	191.65	189.41	191.65
2007-08-01	187.48	188.99	186.33	188.54
2007-08-02	189.58	190.15	189.53	189.61
2007-08-03	190.33	190.33	187.39	187.39
2007-08-06	185.75	186.17	185.35	185.92
2007-08-07	188.65	188.65	188.2	188.57
2007-08-08	190.55	192.12	189.8	192.12
2007-08-09	190.25	190.25	187.25	188.13
2007-08-10	184.45	184.45	182.4	183.5
2007-08-13	185.1	186.8	184.76	186.8
2007-08-14	185.79	186.1	184.67	184.67
2007-08-15	183.0	183.91	182.25	183.91
2007-08-16	180.83	180.83	178.86	179.03
2007-08-17	177.38	182.89	177.38	182.89
2007-08-20	184.67	184.67	183.76	183.76
2007-08-21	184.28	184.28	182.35	183.0
2007-08-22	184.5	186.17	184.5	186.17
2007-08-23	187.3	187.4	186.22	186.22
2007-08-24	185.74	186.4	185.08	186.4
2007-08-27	187.55	187.6	186.62	186.62
2007-08-28	186.25	186.25	183.31	183.31
2007-08-29	184.29	184.29	184.29	184.29
2007-08-30	185.9	186.2	185.1	186.2
2007-08-31	187.12	187.9	187.12	187.7
2007-09-03	188.5	188.87	187.92	188.27
2007-09-04	189.5	189.5	189.5	189.5
2007-09-05	187.79	187.79	185.64	185.64
2007-09-06	186.9	186.9	186.18	186.18
2007-09-07	185.23	185.29	182.39	182.39
2007-09-10	173.2	173.69	171.48	171.51
2007-09-11	172.44	173.53	172.44	173.53
2007-09-12	173.51	174.04	173.18	173.39
2007-09-13	172.68	175.6	172.68	175.6
2007-09-14	174.52	174.52	173.4	174.11
2007-09-17	172.58	173.0	171.55	172.32
2007-09-18	172.17	174.46	172.17	173.87
2007-09-19	179.56	180.15	178.8	180.15
2007-09-20	178.88	179.36	178.87	179.36
2007-09-21	179.36	179.98	179.36	179.98
2007-09-24	179.38	179.98	179.16	179.16
2007-09-25	177.44	177.44	177.44	177.44
2007-09-26	178.48	179.28	178.48	179.28
2007-09-27	180.38	180.98	180.38	180.98
2007-09-28	180.38	180.68	180.08	180.57
2007-10-01	179.6	181.63	179.38	181.63
2007-10-02	182.68	183.46	182.68	183.31
2007-10-03	183.0	183.1	183.0	183.1
2007-10-04	183.73	183.8	183.73	183.8
2007-10-05	183.93	185.0	183.88	184.77
2007-10-08	184.99	185.3	184.37	184.37
2007-10-09	184.23	185.31	184.23	185.1
2007-10-10	185.1	185.1	184.58	184.69
2007-10-11	185.39	186.21	185.39	185.54
2007-10-12	184.05	184.5	184.05	184.5
2007-10-15	185.53	185.53	185.53	185.53
2007-10-16	183.0	183.0	182.76	182.76
2007-10-17	182.76	184.34	182.76	184.34
2007-10-18	184.08	184.25	181.8	181.8
2007-10-19	182.16	182.55	181.9	181.9
2007-10-22	178.8	178.95	178.67	178.8
2007-10-23	180.06	180.06	180.06	180.06
2007-10-24	179.74	180.0	179.66	180.0
2007-10-25	180.25	181.14	180.25	180.87
2007-10-26	181.33	182.11	181.33	182.04
2007-10-29	183.55	183.55	183.49	183.49
2007-10-30	183.45	183.45	183.44	183.44
2007-10-31	184.1	184.79	184.1	184.79
2007-11-01	185.03	185.09	180.79	180.79
2007-11-02	180.2	180.2	180.12	180.12
2007-11-05	179.04	179.04	177.87	177.87
2007-11-06	178.96	178.96	178.63	178.63
2007-11-07	179.6	179.6	177.69	177.93
2007-11-08	175.89	177.25	175.3	176.47
2007-11-09	177.77	177.77	174.0	174.0
2007-11-12	173.26	174.0	173.26	174.0
2007-11-13	174.93	174.93	174.93	174.93
2007-11-14	176.76	176.88	176.56	176.56
2007-11-15	175.51	175.51	174.23	174.33
2007-11-16	173.12	173.25	172.73	173.25
2007-11-19	173.4	173.4	171.75	171.75
2007-11-20	169.19	171.84	169.19	170.49
2007-11-21	169.15	169.15	169.15	169.15
2007-11-22	168.84	168.84	167.96	167.96
2007-11-23	168.65	170.89	168.65	170.89
2007-11-26	171.91	172.1	169.45	169.45
2007-11-27	169.18	169.65	168.33	169.65
2007-11-28	172.35	173.47	172.35	173.47
2007-11-29	174.39	174.39	173.97	173.97
2007-11-30	175.03	176.59	175.03	176.45
2007-12-03	175.85	175.85	175.59	175.59
2007-12-04	173.95	173.95	173.95	173.95
2007-12-05	174.6	176.16	174.6	176.16
2007-12-06	177.26	177.26	176.6	176.6
2007-12-07	178.32	178.32	178.25	178.25
2007-12-11	179.0	179.0	178.49	178.49
2007-12-12	176.85	180.49	176.85	178.91
2007-12-13	175.55	175.55	175.4	175.4
2007-12-14	175.0	175.75	174.28	175.37
2007-12-17	173.01	173.39	173.01	173.39
2007-12-18	174.64	174.64	173.87	173.87
2007-12-19	172.83	172.83	171.32	172.5
2007-12-21	174.29	174.46	173.98	173.98
2007-12-27	175.23	175.57	175.0	175.57
2007-12-28	174.15	174.95	174.15	174.95
2008-01-03	172.29	173.58	172.29	172.56
2008-01-04	170.83	170.83	170.83	170.83
2008-01-07	170.14	170.65	169.6	170.48
2008-01-08	170.54	170.54	170.54	170.54
2008-01-09	169.23	169.99	169.23	169.53
2008-01-10	170.23	170.23	168.81	168.81
2008-01-11	168.32	168.32	168.32	168.32
2008-01-14	168.59	169.6	168.59	169.6
2008-01-15	168.24	168.35	164.28	164.28
2008-01-16	163.44	164.02	162.45	164.02
2008-01-17	164.41	164.41	164.41	164.41
2008-01-18	161.29	162.2	158.26	158.56
2008-01-21	154.62	154.62	148.8	148.8
2008-01-22	141.0	151.14	141.0	151.14
2008-01-23	152.25	152.65	143.65	145.9
2008-01-24	149.55	151.96	149.55	151.96
2008-01-25	154.08	154.08	154.08	154.08
2008-01-28	149.38	150.48	149.2	150.48
2008-01-29	152.65	153.03	152.58	153.03
2008-01-30	151.9	151.9	151.65	151.65
2008-01-31	150.28	152.25	149.36	152.25
2008-02-01	153.85	154.12	153.68	153.95
2008-02-04	156.0	156.0	154.65	154.65
2008-02-05	154.29	154.29	148.98	148.98
2008-02-06	148.11	149.9	148.11	149.9
2008-02-07	149.65	149.65	148.05	148.05
2008-02-08	149.61	149.61	146.81	146.81
2008-02-11	146.81	146.81	145.4	145.78
2008-02-12	146.68	147.6	145.45	147.6
2008-02-13	150.7	150.7	150.7	150.7
2008-02-14	150.78	150.78	150.78	150.78
2008-02-15	149.87	149.96	148.25	148.25
2008-02-18	149.7	149.7	149.7	149.7
2008-02-19	151.09	151.09	150.61	150.61
2008-02-20	150.65	150.65	150.65	150.65
2008-02-21	152.65	152.65	150.9	150.9
2008-02-22	150.34	150.34	150.34	150.34
2008-02-25	152.17	152.17	152.17	152.17
2008-02-26	154.37	154.37	154.37	154.37
2008-02-27	155.22	155.22	154.26	154.29
2008-02-28	152.88	152.88	152.55	152.55
2008-02-29	150.35	150.35	150.1	150.1
2008-03-03	147.73	147.73	147.73	147.73
2008-03-04	146.1	146.1	146.1	146.1
2008-03-05	146.07	148.4	146.07	148.4
2008-03-06	146.2	146.2	146.2	146.2
2008-03-07	143.0	144.68	143.0	143.7
2008-03-10	142.9	143.66	141.8	141.8
2008-03-11	142.47	145.0	142.47	144.45
2008-03-12	146.88	147.7	146.7	147.7
2008-03-13	142.33	142.33	142.28	142.33
2008-03-14	144.73	144.73	141.6	141.91
2008-03-17	138.68	139.0	137.08	139.0
2008-03-18	139.5	141.6	139.5	141.6
2008-03-19	143.85	143.85	141.6	141.6
2008-03-20	140.16	140.17	140.16	140.17
2008-03-25	141.76	141.76	141.76	141.76
2008-03-26	144.92	144.92	144.92	144.92
2008-03-28	147.12	147.12	147.12	147.12
2008-03-31	144.76	145.99	144.76	145.99
2008-04-01	145.99	148.78	145.99	148.78
2008-04-02	152.93	153.53	152.93	153.53
2008-04-03	152.25	152.25	152.16	152.16
2008-04-04	153.08	153.4	153.08	153.25
2008-04-07	154.11	154.26	154.11	154.26
2008-04-08	152.97	153.41	152.92	153.41
2008-04-09	152.92	152.96	152.65	152.96
2008-04-10	151.81	151.81	151.81	151.81
2008-04-11	149.7	149.7	149.7	149.7
2008-04-14	148.6	148.6	147.99	148.37
2008-04-15	148.36	150.03	148.1	150.03
2008-04-16	151.72	151.72	151.72	151.72
2008-04-18	152.5	155.53	152.5	155.46
2008-04-21	155.0	155.0	155.0	155.0
2008-04-23	155.0	155.0	152.92	152.92
2008-04-24	152.26	152.52	151.43	151.43
2008-04-25	155.06	155.27	154.7	155.1
2008-04-28	155.35	156.57	155.35	156.57
2008-04-29	156.22	156.22	156.2	156.2
2008-04-30	155.42	155.73	155.42	155.73
2008-05-02	158.21	159.5	158.21	159.5
2008-05-05	158.51	159.05	158.51	159.05
2008-05-06	158.01	158.01	157.25	157.25
2008-05-07	158.55	159.67	158.38	159.55
2008-05-08	157.95	158.08	157.95	158.08
2008-05-09	156.0	156.0	155.55	155.55
2008-05-12	157.18	157.18	157.18	157.18
2008-05-13	157.06	157.06	156.87	156.87
2008-05-14	158.42	158.42	158.09	158.09
2008-05-15	158.69	158.77	158.69	158.77
2008-05-16	160.0	160.44	159.51	159.57
2008-05-19	159.38	160.39	159.37	160.39
2008-05-20	159.0	159.0	159.0	159.0
2008-05-21	158.76	158.76	158.75	158.75
2008-05-22	155.76	155.76	155.76	155.76
2008-05-23	157.26	157.26	155.13	155.13
2008-05-26	155.12	155.12	155.07	155.07
2008-05-27	155.44	155.44	154.0	155.21
2008-05-28	155.63	156.59	155.63	156.59
2008-05-29	156.71	156.71	155.68	155.95
2008-05-30	156.44	156.44	155.8	155.8
2008-06-02	156.44	156.44	156.44	156.44
2008-06-03	155.41	155.41	155.41	155.41
2008-06-04	154.56	154.56	153.0	153.0
2008-06-05	152.57	152.57	152.57	152.57
2008-06-06	151.63	151.63	150.0	150.0
2008-06-09	149.21	149.21	149.21	149.21
2008-06-10	147.73	148.48	147.73	148.24
2008-06-11	146.01	146.01	146.01	146.01
2008-06-12	146.08	146.08	146.08	146.08
2008-06-13	145.09	145.86	145.09	145.86
2008-06-16	146.69	147.54	145.89	145.89
2008-06-18	146.1	146.1	146.0	146.0
2008-06-19	144.79	144.79	144.79	144.79
2008-06-20	141.65	141.65	141.45	141.45
2008-06-23	141.45	141.45	141.45	141.45
2008-06-24	141.62	141.62	139.07	139.3
2008-06-25	141.2	142.42	141.2	142.42
2008-06-26	141.4	141.4	139.21	139.21
2008-06-27	136.85	136.85	136.6	136.6
2008-06-30	137.0	137.0	136.2	136.2
2008-07-01	137.18	137.18	134.87	134.87
2008-07-02	136.33	136.72	135.31	135.31
2008-07-03	133.32	134.0	133.32	134.0
2008-07-04	134.22	134.22	134.22	134.22
2008-07-08	133.17	133.77	132.89	133.77
2008-07-09	135.38	135.64	135.38	135.64
2008-07-10	135.0	135.0	133.82	133.82
2008-07-11	132.51	132.51	132.12	132.12
2008-07-15	129.38	129.38	126.51	126.57
2008-07-16	125.5	125.5	125.5	125.5
2008-07-17	131.87	131.99	131.79	131.79
2008-07-22	134.0	134.0	134.0	134.0
2008-07-23	137.49	137.49	137.49	137.49
2008-07-24	136.8	136.8	136.8	136.8
2008-07-25	134.74	135.58	134.59	135.58
2008-07-29	132.18	132.64	131.87	132.64
2008-07-31	135.89	135.89	135.89	135.89
2008-08-06	137.65	138.18	137.65	138.18
2008-08-07	137.3	138.55	137.3	138.3
2008-08-08	137.2	137.2	136.67	136.67
2008-08-11	138.94	139.82	138.94	139.71
2008-08-12	140.0	140.0	140.0	140.0
2008-08-13	138.59	138.59	138.59	138.59
2008-08-15	137.7	137.7	137.7	137.7
2008-08-18	136.9	138.38	136.9	138.38
2008-08-19	133.6	133.6	133.59	133.59
2008-08-20	134.38	134.38	134.06	134.06
2008-08-22	134.45	134.45	134.45	134.45
2008-08-25	134.46	134.46	134.3	134.35
2008-08-26	132.07	133.21	132.07	133.21
2008-08-27	133.7	133.7	133.7	133.7
2008-08-28	133.48	135.72	133.48	135.72
2008-08-29	137.37	137.37	137.37	137.37
2008-09-01	136.35	136.74	136.35	136.74
2008-09-02	138.34	138.34	138.34	138.34
2008-09-03	137.55	138.28	137.55	138.28
2008-09-05	132.69	132.77	132.69	132.77
2008-09-08	129.6	130.86	129.0	129.0
2008-09-09	130.32	130.32	130.2	130.2
2008-09-10	128.45	128.64	128.12	128.12
2008-09-11	126.97	126.97	126.46	126.46
2008-09-12	128.36	128.36	128.36	128.36
2008-09-15	123.24	123.24	121.6	121.85
2008-09-16	119.26	119.26	119.26	119.26
2008-09-17	121.4	121.4	118.09	120.04
2008-09-18	115.26	115.26	115.26	115.26
2008-09-19	122.99	123.66	122.99	123.66
2008-09-22	126.91	126.91	126.1	126.1
2008-09-23	121.79	121.79	121.79	121.79
2008-09-24	121.99	121.99	121.99	121.99
2008-09-25	121.9	121.9	121.9	121.9
2008-09-26	121.14	121.14	121.14	121.14
2008-09-29	113.55	113.55	113.55	113.55
2008-09-30	110.0	114.92	110.0	114.92
2008-10-02	116.38	117.86	116.38	116.63
2008-10-03	115.17	115.17	115.17	115.17
2008-10-06	112.53	112.53	109.0	109.0
2008-10-07	111.94	111.94	107.64	109.05
2008-10-08	100.73	105.0	100.73	105.0
2008-10-09	103.34	103.34	103.34	103.34
2008-10-10	91.83	93.0	89.5	93.0
2008-10-13	91.1	96.95	91.1	96.95
2008-10-14	105.37	105.8	105.37	105.8
2008-10-15	102.96	102.96	97.0	97.0
2008-10-16	90.5	90.5	90.5	90.5
2008-10-17	95.25	95.25	91.5	93.26
2008-10-20	92.9	97.22	92.9	96.82
2008-10-21	98.8	99.46	97.76	97.76
2008-10-22	95.58	95.58	94.96	94.96
2008-10-23	90.5	90.5	90.5	90.5
2008-10-24	83.26	83.26	83.26	83.26
2008-10-27	82.72	82.72	82.03	82.05
2008-10-28	81.64	83.25	81.64	83.25
2008-10-29	87.66	89.86	87.66	89.86
2008-10-30	91.24	92.72	91.0	92.72
2008-10-31	91.13	93.01	90.52	93.01
2008-11-03	95.16	95.16	95.16	95.16
2008-11-04	96.34	100.0	96.34	99.94
2008-11-05	100.0	101.01	100.0	101.01
2008-11-06	95.66	96.7	94.0	94.0
2008-11-07	92.72	95.91	92.72	95.91
2008-11-10	97.71	98.24	96.96	96.96
2008-11-11	94.3	94.3	92.41	92.41
2008-11-12	91.25	91.25	90.05	90.51
2008-11-13	89.15	89.16	88.15	88.15
2008-11-14	91.36	91.5	91.36	91.5
2008-11-17	90.13	90.13	87.64	87.64
2008-11-19	86.37	86.37	84.85	84.85
2008-11-20	79.87	80.6	79.87	79.9
2008-11-21	79.9	79.9	79.51	79.51
2008-11-24	79.98	81.53	79.98	81.47
2008-11-25	86.03	86.03	86.03	86.03
2008-11-27	87.42	88.65	87.42	88.65
2008-11-28	88.22	88.22	88.22	88.22
2008-12-01	86.3	86.3	86.3	86.3
2008-12-02	84.1	84.1	84.1	84.1
2008-12-03	84.05	84.05	84.05	84.05
2008-12-04	84.69	84.69	84.69	84.69
2008-12-08	88.47	88.47	87.22	87.22
2008-12-09	89.69	89.69	89.69	89.69
2008-12-10	91.24	91.52	91.24	91.52
2008-12-11	90.66	90.66	90.66	90.66
2008-12-12	86.75	87.03	86.04	87.03
2008-12-15	89.13	89.47	89.13	89.47
2008-12-17	88.2	88.96	88.2	88.96
2008-12-18	88.88	88.88	88.88	88.88
2008-12-23	88.32	88.32	88.32	88.32
2008-12-29	88.14	88.14	87.3	87.3
2008-12-30	88.59	88.59	88.0	88.0
2009-01-07	93.84	93.84	93.15	93.47
2009-01-08	92.76	92.76	92.39	92.39
2009-01-12	92.11	92.11	91.98	91.98
2009-01-13	90.32	90.32	89.32	89.32
2009-01-14	87.12	87.12	86.14	86.14
2009-01-15	84.71	85.21	84.19	84.19
2009-01-19	84.25	84.25	83.0	83.0
2009-01-21	77.62	80.3	77.62	79.9
2009-01-22	81.94	81.94	81.94	81.94
2009-01-26	78.38	78.38	78.38	78.38
2009-01-27	81.0	81.0	81.0	81.0
2009-01-28	84.01	85.49	84.01	85.49
2009-01-30	82.64	82.64	82.64	82.64
2009-02-02	80.0	80.0	80.0	80.0
2009-02-03	80.53	82.46	80.53	82.46
2009-02-04	84.69	84.69	84.69	84.69
2009-02-06	84.0	84.27	84.0	84.27
2009-02-09	86.08	86.08	86.08	86.08
2009-02-10	85.89	85.89	85.89	85.89
2009-02-11	83.08	83.08	83.08	83.08
2009-02-13	82.96	82.96	81.83	81.83
2009-02-16	81.83	81.83	81.83	81.83
2009-02-17	79.95	79.95	79.95	79.95
2009-02-20	75.29	75.29	75.29	75.29
2009-02-23	73.46	73.46	73.46	73.46
2009-02-24	71.35	71.4	71.35	71.4
2009-02-25	72.73	72.73	72.73	72.73
2009-02-26	72.35	72.35	72.35	72.35
2009-02-27	70.51	70.51	70.51	70.51
2009-03-02	69.81	69.81	69.04	69.19
2009-03-03	68.38	68.38	67.56	67.56
2009-03-04	69.0	70.35	69.0	70.35
2009-03-05	69.26	69.26	67.46	67.46
2009-03-06	66.15	66.47	65.7	65.75
2009-03-09	65.13	65.13	64.3	64.3
2009-03-10	65.43	65.78	65.4	65.78
2009-03-11	69.9	70.68	69.37	69.49
2009-03-12	67.95	70.12	67.94	70.12
2009-03-13	71.47	71.47	70.48	70.53
2009-03-16	72.18	73.01	72.18	72.33
2009-03-17	72.06	72.35	71.52	71.97
2009-03-18	72.35	72.35	72.35	72.35
2009-03-19	74.27	74.41	74.12	74.28
2009-03-20	73.11	73.11	73.08	73.08
2009-03-23	75.47	75.47	75.22	75.22
2009-03-24	78.13	78.13	77.57	77.57
2009-03-26	77.7	77.7	77.7	77.7
2009-03-27	77.2	77.2	77.2	77.2
2009-03-30	75.37	75.37	73.8	73.8
2009-03-31	73.18	73.88	73.18	73.88
2009-04-01	75.16	76.99	75.01	76.99
2009-04-02	78.21	81.26	78.21	81.26
2009-04-03	82.31	82.31	81.06	81.5
2009-04-06	83.05	83.05	80.07	80.09
2009-04-07	80.65	80.93	79.29	79.29
2009-04-08	80.25	80.25	80.25	80.25
2009-04-09	81.74	81.86	81.74	81.83
2009-04-14	84.63	84.64	84.52	84.56
2009-04-15	84.35	85.04	84.35	85.0
2009-04-16	85.0	85.63	85.0	85.63
2009-04-17	87.55	87.93	87.54	87.93
2009-04-20	86.87	86.87	85.72	85.72
2009-04-21	82.17	82.54	82.17	82.54
2009-04-22	84.7	85.6	84.7	85.6
2009-04-23	85.28	86.18	85.28	86.18
2009-04-24	86.35	87.76	86.35	87.76
2009-04-27	85.82	87.84	85.82	87.8
2009-04-28	86.4	86.4	85.31	85.97
2009-04-29	87.34	87.34	87.34	87.34
2009-04-30	91.01	91.01	90.38	90.38
2009-05-04	90.73	92.92	90.73	92.8
2009-05-05	93.27	93.27	93.05	93.05
2009-05-06	92.54	94.88	92.54	94.82
2009-05-07	96.15	96.15	93.14	93.14
2009-05-11	93.8	93.8	93.8	93.8
2009-05-12	93.7	93.95	93.7	93.95
2009-05-13	92.98	92.98	92.98	92.98
2009-05-15	90.95	90.95	90.25	90.59
2009-05-18	89.2	91.48	88.96	91.48
2009-05-19	94.43	94.43	94.43	94.43
2009-05-20	94.3	95.96	94.3	95.96
2009-05-21	93.7	93.7	93.7	93.7
2009-05-22	94.5	94.5	94.5	94.5
2009-05-25	94.65	94.65	94.5	94.5
2009-05-26	93.1	93.1	92.31	92.5
2009-05-27	95.22	95.97	95.22	95.97
2009-05-28	94.5	95.33	94.5	94.55
2009-05-29	95.44	95.44	95.44	95.44
2009-06-01	97.35	97.35	97.31	97.31
2009-06-02	97.43	98.08	97.34	98.08
2009-06-05	97.08	97.55	96.19	96.19
2009-06-08	94.8	95.43	94.8	95.43
2009-06-09	95.6	95.6	95.22	95.22
2009-06-10	96.84	96.95	96.66	96.66
2009-06-12	97.47	97.47	97.0	97.0
2009-06-15	95.37	95.52	94.56	94.11
2009-06-16	93.92	94.49	93.88	93.88
2009-06-17	92.1	92.19	91.2	91.55
2009-06-18	92.62	92.62	92.38	92.38
2009-06-19	93.14	93.61	93.0	93.67
2009-06-22	93.79	93.79	92.74	90.55
2009-06-23	90.4	91.27	90.4	90.47
2009-06-24	90.74	92.65	90.74	92.65
2009-06-25	92.17	92.27	92.17	92.27
2009-06-26	92.85	92.85	92.85	91.66
2009-06-29	92.05	93.75	92.05	93.55
2009-06-30	93.34	93.34	93.34	92.57
2009-07-01	93.01	94.18	93.01	94.53
2009-07-02	93.29	93.52	93.24	91.62
2009-07-03	91.7	91.7	91.37	91.54
2009-07-06	90.97	90.97	90.48	90.48
2009-07-07	90.55	90.55	90.55	89.75
2009-07-08	89.7	89.7	89.7	88.46
2009-07-09	88.72	89.5	88.72	89.21
2009-07-10	87.78	87.78	87.78	87.78
2009-07-13	87.08	88.24	87.08	90.43
2009-07-14	90.33	91.48	90.33	91.48
2009-07-15	93.39	93.73	93.25	94.36
2009-07-16	95.0	95.0	94.78	94.93
2009-07-17	95.44	95.44	95.44	95.26
2009-07-20	96.78	96.78	96.78	96.61
2009-07-21	96.69	97.36	96.69	97.36
2009-07-22	96.97	97.32	96.76	97.32
2009-07-23	97.62	98.83	97.62	99.62
2009-07-24	99.67	99.67	99.67	99.52
2009-07-27	100.71	100.71	100.28	100.4
2009-07-28	100.5	100.5	99.14	99.58
2009-07-29	100.47	100.47	100.47	100.34
2009-07-30	101.27	102.2	101.27	102.35
2009-07-31	101.98	102.74	101.98	102.28
2009-08-03	103.13	103.58	103.13	103.58
2009-08-04	103.43	103.43	103.43	103.95
2009-08-05	103.52	103.52	103.52	103.25
2009-08-06	104.82	104.82	103.65	104.01
2009-08-07	105.01	105.75	105.01	105.59
2009-08-10	105.3	105.3	105.03	105.03
2009-08-11	105.17	105.42	103.27	103.27
2009-08-12	104.68	104.68	104.68	104.68
2009-08-13	105.5	106.2	105.5	105.99
2009-08-14	106.11	106.42	106.11	105.1
2009-08-17	103.63	103.63	102.29	102.63
2009-08-18	103.03	103.25	102.84	103.71
2009-08-19	102.85	103.72	102.85	103.72
2009-08-20	104.73	105.22	104.73	105.28
2009-08-21	105.77	107.01	105.77	108.29
2009-08-24	108.88	109.87	108.88	109.87
2009-08-25	111.0	111.0	111.0	111.0
2009-08-26	111.69	111.69	110.21	110.21
2009-08-27	109.61	110.95	109.61	109.69
2009-08-28	110.79	112.0	110.79	110.95
2009-08-31	111.25	111.25	109.61	109.88
2009-09-01	110.92	111.04	108.24	109.81
2009-09-02	106.52	106.79	105.43	106.48
2009-09-03	106.75	107.24	106.75	106.76
2009-09-04	107.84	107.84	107.84	107.84
2009-09-07	110.0	110.5	110.0	110.5
2009-09-08	110.39	111.04	110.1	110.1
2009-09-09	111.17	112.11	111.17	112.11
2009-09-10	112.66	112.66	111.61	111.84
2009-09-11	112.52	112.59	112.4	112.4
2009-09-14	107.4	108.02	106.5	108.02
2009-09-15	108.19	108.3	107.85	108.3
2009-09-16	109.61	110.57	109.61	110.51
2009-09-17	111.02	111.02	110.97	110.97
2009-09-18	111.27	111.36	111.27	111.36
2009-09-21	110.31	110.31	109.7	109.7
2009-09-22	111.22	111.37	110.44	110.54
2009-09-23	110.57	110.78	110.57	110.78
2009-09-24	110.17	110.49	109.66	109.66
2009-09-25	109.18	109.5	108.65	108.86
2009-09-28	109.21	111.22	107.96	111.22
2009-09-29	111.48	111.81	110.73	111.0
2009-09-30	112.05	112.05	109.93	109.93
2009-10-01	110.07	110.07	108.51	108.51
2009-10-02	107.39	107.39	105.55	106.19
2009-10-05	106.13	107.05	106.13	107.05
2009-10-06	107.85	109.32	107.85	109.32
2009-10-07	110.02	110.02	110.02	110.02
2009-10-08	111.6	111.6	111.05	111.32
2009-10-09	111.73	111.73	111.05	111.05
2009-10-12	111.76	112.68	111.76	112.5
2009-10-13	112.01	112.2	111.38	111.38
2009-10-14	112.69	113.86	112.69	113.86
2009-10-15	114.17	114.17	113.63	113.63
2009-10-16	114.07	114.07	111.82	111.82
2009-10-19	112.78	113.62	112.78	113.62
2009-10-20	113.93	113.93	112.86	112.86
2009-10-21	113.36	113.36	113.08	113.08
2009-10-22	111.19	111.69	110.86	111.51
2009-10-23	112.57	112.91	110.8	110.96
2009-10-26	111.49	111.49	108.64	108.69
2009-10-27	108.34	108.52	107.96	107.96
2009-10-28	107.45	107.45	105.14	105.14
2009-10-29	104.62	107.47	104.62	107.47
2009-10-30	107.67	107.67	104.27	104.27
2009-11-02	104.49	105.48	104.49	104.91
2009-11-03	103.97	103.97	102.85	102.85
2009-11-04	104.16	105.51	104.16	105.38
2009-11-05	104.43	106.45	103.82	106.45
2009-11-09	107.82	109.02	107.82	109.02
2009-11-10	109.15	109.15	108.79	108.79
2009-11-11	109.91	110.43	109.84	109.84
2009-11-12	109.66	110.49	109.5	109.5
2009-11-16	110.8	111.48	110.8	111.29
2009-11-17	111.08	111.22	110.49	110.49
2009-11-18	111.24	111.61	110.7	110.7
2009-11-19	110.74	110.77	108.0	108.0
2009-11-20	109.32	109.32	107.76	107.76
2009-11-23	108.97	110.16	108.97	110.16
2009-11-26	108.99	108.99	106.1	106.1
2009-11-27	104.14	107.41	103.66	107.26
2009-11-30	107.77	107.77	105.91	105.91
2009-12-01	107.41	108.92	107.41	108.92
2009-12-02	108.88	109.04	108.8	109.04
2009-12-03	110.03	110.26	109.0	109.04
2009-12-04	108.52	110.77	108.26	110.15
2009-12-08	109.38	109.38	108.08	108.08
2009-12-09	108.05	108.05	106.4	106.62
2009-12-10	106.73	107.76	106.73	107.76
2009-12-11	108.37	108.56	108.06	108.06
2009-12-14	109.41	109.41	108.92	108.92
2009-12-15	109.31	109.31	108.55	109.18
2009-12-16	109.34	110.59	109.34	110.59
2009-12-18	109.58	110.34	108.63	108.63
2009-12-21	109.41	110.41	109.27	110.41
2009-12-22	110.7	111.59	110.7	111.33
2009-12-23	111.76	112.04	111.67	111.67
2009-12-28	112.01	112.92	112.01	112.59
2009-12-29	112.84	113.0	112.76	112.94
2009-12-30	112.79	112.79	112.18	112.18
2010-01-04	112.87	114.14	112.87	114.14
2010-01-05	114.1	114.6	114.1	114.43
2010-01-06	114.64	114.64	114.14	114.57
2010-01-07	114.09	114.6	114.09	114.6
2010-01-08	115.14	115.25	114.48	115.1
2010-01-11	115.76	116.01	114.84	114.92
2010-01-12	115.15	115.15	113.29	113.52
2010-01-13	113.16	113.44	113.16	113.44
2010-01-14	114.16	114.16	113.95	113.95
2010-01-15	114.11	114.58	112.11	112.11
2010-01-18	112.57	112.72	112.27	112.71
2010-01-19	112.31	113.7	111.82	113.7
2010-01-20	113.25	113.25	111.0	111.16
2010-01-21	111.92	111.92	109.06	109.06
2010-01-22	108.73	109.1	107.44	108.39
2010-01-25	107.65	108.33	107.52	107.62
2010-01-26	106.76	108.32	106.46	108.32
2010-01-27	106.9	106.9	106.17	106.58
2010-01-28	107.97	107.97	104.96	104.96
2010-01-29	106.03	106.88	106.03	106.49
2010-02-01	105.87	107.21	105.87	107.21
2010-02-02	107.49	108.66	107.49	108.66
2010-02-03	108.99	108.99	107.59	107.59
2010-02-04	107.63	107.63	103.87	103.87
2010-02-05	103.66	103.66	101.18	101.18
2010-02-08	102.13	102.13	101.2	102.05
2010-02-09	101.73	103.29	101.73	103.29
2010-02-11	104.13	104.13	102.1	102.93
2010-02-12	103.78	103.78	102.33	102.6
2010-02-15	103.05	103.53	102.89	102.89
2010-02-16	103.98	104.25	103.49	104.25
2010-02-17	104.93	105.87	104.93	105.7
2010-02-18	105.36	106.14	105.36	106.14
2010-02-19	105.16	106.65	105.16	106.65
2010-02-23	106.8	106.8	104.41	104.41
2010-02-24	104.6	104.6	104.48	104.48
2010-02-25	103.57	104.27	102.3	102.3
2010-02-26	103.2	104.08	102.81	104.08
2010-03-02	105.51	106.36	105.51	106.36
2010-03-04	106.9	107.86	106.9	107.58
2010-03-05	108.12	109.77	108.12	109.77
2010-03-08	110.26	110.26	110.02	110.02
2010-03-09	110.11	110.11	109.34	110.07
2010-03-10	109.9	111.26	109.85	111.26
2010-03-11	110.61	110.74	110.61	110.74
2010-03-12	111.02	111.81	110.95	111.01
2010-03-15	110.98	111.02	110.2	110.2
2010-03-16	110.72	111.2	110.72	111.2
2010-03-17	111.82	112.47	111.82	112.47
2010-03-18	112.03	112.03	111.79	111.79
2010-03-19	112.21	112.26	111.08	111.08
2010-03-22	110.7	110.81	110.1	110.81
2010-03-23	111.01	111.6	111.01	111.6
2010-03-24	111.82	111.82	111.0	111.46
2010-03-25	111.45	113.22	111.45	113.22
2010-03-26	113.17	113.24	113.0	113.0
2010-03-29	113.51	113.94	113.34	113.34
2010-03-30	113.94	113.94	113.04	113.04
2010-03-31	113.07	113.27	112.48	112.82
2010-04-01	113.48	114.57	113.32	114.57
2010-04-06	114.93	115.34	114.93	115.34
2010-04-07	115.32	115.32	114.75	114.9
2010-04-09	114.4	115.56	114.4	115.56
2010-04-12	115.89	116.01	115.56	115.91
2010-04-13	115.52	115.52	115.43	115.43
2010-04-14	115.94	116.2	115.9	116.2
2010-04-15	116.42	116.54	116.19	116.54
2010-04-16	115.89	116.32	115.89	116.32
2010-04-19	113.37	113.88	113.27	113.67
2010-04-20	114.22	115.46	113.78	115.46
2010-04-22	114.05	114.05	111.97	112.02
2010-04-23	112.2	113.21	111.91	112.66
2010-04-26	114.18	114.18	113.25	113.68
2010-04-27	113.54	113.54	109.68	109.68
2010-04-28	108.84	109.07	107.56	108.52
2010-04-29	107.87	109.03	107.87	108.63
2010-04-30	109.18	109.83	108.86	108.86
2010-05-03	108.51	109.27	108.28	109.27
2010-05-04	109.48	109.48	105.0	105.22
2010-05-05	105.51	105.51	102.92	103.72
2010-05-06	102.77	104.37	101.36	101.36
2010-05-07	99.34	101.29	98.0	98.0
2010-05-10	101.08	106.8	101.08	106.8
2010-05-11	104.95	106.01	104.95	106.01
2010-05-12	104.99	107.51	104.99	107.51
2010-05-14	106.98	106.98	102.88	102.88
2010-05-17	102.29	103.86	101.98	102.64
2010-05-18	104.03	104.98	104.03	104.98
2010-05-19	103.04	103.37	101.23	101.96
2010-05-20	102.77	102.77	98.61	100.05
2010-05-21	99.71	100.29	98.0	100.29
2010-05-24	101.34	101.34	99.66	100.01
2010-05-25	96.82	96.82	95.85	96.49
2010-05-26	98.57	100.04	98.57	98.81
2010-05-27	99.79	102.25	99.79	102.25
2010-05-28	102.84	102.84	102.19	102.19
2010-05-31	102.02	102.02	101.97	101.97
2010-06-01	101.07	101.96	99.15	101.96
2010-06-03	103.68	103.68	102.79	102.79
2010-06-04	103.31	103.31	99.68	99.68
2010-06-07	98.38	99.15	98.38	98.83
2010-06-08	99.01	99.01	97.51	97.82
2010-06-10	98.82	101.53	98.82	101.53
2010-06-11	102.21	102.82	102.21	102.82
2010-06-14	104.15	104.38	103.99	104.38
2010-06-15	103.9	105.63	103.9	105.63
2010-06-18	106.3	106.81	106.3	106.5
2010-06-21	108.16	108.16	107.64	107.64
2010-06-22	107.1	107.35	106.75	106.85
2010-06-23	105.74	106.08	105.14	105.42
2010-06-24	105.91	105.91	103.11	103.11
2010-06-25	103.37	103.37	102.46	102.46
2010-06-28	102.85	103.72	102.85	103.72
2010-06-29	102.17	102.17	99.81	99.81
2010-06-30	99.84	99.97	99.84	99.91
2010-07-01	98.73	98.73	98.27	98.27
2010-07-02	98.85	98.85	98.47	98.47
2010-07-06	98.49	100.55	98.49	100.32
2010-07-07	99.42	102.77	99.42	102.77
2010-07-09	104.73	104.73	104.72	104.72
2010-07-12	104.92	104.92	104.39	104.58
2010-07-13	104.88	106.52	104.88	106.52
2010-07-14	106.98	106.98	106.02	106.63
2010-07-15	106.34	107.2	105.55	105.55
2010-07-16	105.7	105.84	103.25	103.25
2010-07-19	102.94	102.96	102.89	102.96
2010-07-20	103.62	103.62	102.0	102.71
2010-07-21	103.65	103.65	102.98	102.98
2010-07-22	102.71	106.01	102.71	106.01
2010-07-23	105.59	106.31	105.59	106.31
2010-07-26	106.93	107.18	106.59	107.18
2010-07-27	107.84	108.61	107.84	108.59
2010-07-28	109.09	109.09	108.31	108.47
2010-08-02	108.72	110.89	108.72	110.89
2010-08-03	110.76	110.9	110.76	110.9
2010-08-04	110.73	111.32	110.73	111.32
2010-08-05	111.52	112.22	111.23	111.23
2010-08-06	111.68	111.68	109.75	109.75
2010-08-10	110.87	110.87	110.22	110.22
2010-08-11	109.35	109.35	107.28	107.28
2010-08-12	107.26	107.26	107.11	107.12
2010-08-13	107.74	107.74	106.56	106.56
2010-08-16	106.71	106.71	105.92	106.22
2010-08-18	107.15	107.57	107.15	107.4
2010-08-19	107.93	108.0	105.61	105.61
2010-08-23	104.32	104.88	104.32	104.88
2010-08-24	104.08	104.08	103.26	103.26
2010-08-25	102.91	103.67	101.91	102.18
2010-08-26	103.01	103.01	102.94	102.94
2010-08-27	102.47	103.75	102.47	103.75
2010-08-30	104.54	104.54	103.57	103.57
2010-08-31	102.09	103.29	102.09	103.29
2010-09-02	106.35	107.1	106.35	107.03
2010-09-03	107.42	108.07	106.97	108.07
2010-09-07	107.98	107.98	106.91	107.39
2010-09-09	107.7	109.36	107.7	109.36
2010-09-10	108.85	109.41	108.85	109.33
2010-09-13	106.75	106.75	106.75	106.75
2010-09-14	106.79	106.95	106.79	106.95
2010-09-15	107.09	107.09	106.29	106.4
2010-09-17	106.81	106.9	104.98	104.98
2010-09-20	105.29	106.42	105.29	106.42
2010-09-21	106.19	107.27	106.19	106.22
2010-09-22	106.24	106.24	104.79	104.79
2010-09-23	105.5	105.5	103.65	104.11
2010-09-24	103.59	106.05	103.59	105.77
2010-09-28	104.65	105.25	104.18	105.25
2010-09-29	105.58	105.58	104.51	104.51
2010-09-30	103.81	104.41	103.81	104.41
2010-10-01	104.47	104.47	103.89	103.89
2010-10-04	103.83	103.83	102.9	102.9
2010-10-05	102.84	104.88	102.7	104.88
2010-10-06	105.52	105.83	105.52	105.83
2010-10-07	105.43	106.2	105.43	106.2
2010-10-12	105.39	105.61	104.92	105.61
2010-10-13	106.07	108.2	106.07	108.2
2010-10-14	108.15	108.65	107.82	107.82
2010-10-15	108.11	108.22	108.09	108.22
2010-10-18	107.89	108.6	107.81	108.6
2010-10-19	108.33	108.48	108.25	108.25
2010-10-20	107.78	108.73	107.71	108.73
2010-10-21	108.15	109.46	108.15	109.4
2010-10-22	109.17	109.39	109.1	109.28
2010-10-25	109.76	109.76	109.25	109.25
2010-10-26	108.93	108.93	108.64	108.77
2010-10-28	108.5	108.67	108.39	108.67
2010-10-29	108.48	108.55	108.19	108.55
2010-11-02	107.8	108.97	107.8	108.97
2010-11-03	109.17	109.17	107.84	107.84
2010-11-04	109.01	109.61	109.01	109.39
2010-11-05	109.77	109.77	108.33	109.05
2010-11-09	108.69	109.94	108.69	109.94
2010-11-11	108.74	108.74	107.2	107.61
2010-11-15	107.16	108.65	107.16	108.65
2010-11-17	105.31	106.89	105.31	106.89
2010-11-19	108.74	108.74	107.72	108.19
2010-11-22	108.69	108.69	107.03	107.03
2010-11-24	104.88	105.13	104.23	105.13
2010-11-25	105.08	105.25	105.08	105.25
2010-11-26	104.36	104.5	103.35	104.25
2010-11-29	104.86	104.86	101.89	101.89
2010-12-01	102.12	103.83	102.12	103.83
2010-12-02	104.55	106.0	104.54	106.0
2010-12-03	106.1	106.16	106.07	106.16
2010-12-06	106.33	106.33	105.37	105.58
2010-12-07	106.16	106.85	106.16	106.85
2010-12-08	106.17	107.45	106.17	107.45
2010-12-10	108.87	108.87	108.36	108.38
2010-12-13	108.49	108.89	108.49	108.89
2010-12-14	109.07	109.07	108.9	108.9
2010-12-15	108.65	108.65	107.95	108.35
2010-12-16	108.14	108.31	108.02	108.31
2010-12-17	108.57	108.57	107.42	107.42
2010-12-20	107.33	108.73	107.33	108.12
2010-12-21	108.78	109.42	108.78	109.42
2010-12-23	109.31	109.32	109.13	109.13
2010-12-27	108.69	108.69	107.5	107.75
2010-12-28	107.76	108.01	107.76	107.82
2010-12-29	108.17	108.64	108.17	108.42
2010-12-30	108.6	108.6	107.26	107.26
2011-01-04	108.72	109.15	108.51	108.77
2011-01-05	108.45	108.51	107.45	108.51
2011-01-06	108.76	109.0	108.64	108.64
2011-01-07	108.68	109.9	107.62	107.62
2011-01-10	107.06	107.06	105.85	105.85
2011-01-11	106.29	107.07	106.29	107.07
2011-01-12	107.47	110.57	107.47	110.57
2011-01-13	110.96	111.85	110.79	111.85
2011-01-14	111.38	112.43	111.17	112.36
2011-01-17	112.08	112.28	111.91	111.91
2011-01-18	112.25	113.47	112.25	113.47
2011-01-19	113.51	113.51	112.63	112.63
2011-01-21	113.53	115.69	113.53	114.7
2011-01-24	114.79	115.19	114.52	115.16
2011-01-26	114.77	115.28	114.53	114.53
2011-01-27	114.03	115.67	113.9	115.67
2011-01-28	115.16	115.84	114.26	114.26
2011-01-31	113.45	114.88	113.45	114.39
2011-02-01	115.18	116.42	114.59	116.42
2011-02-02	116.56	116.85	116.56	116.7
2011-02-03	116.51	116.51	115.76	115.86
2011-02-04	116.57	116.57	116.22	116.22
2011-02-08	117.32	117.7	117.32	117.7
2011-02-09	117.41	117.82	117.34	117.34
2011-02-10	117.07	117.07	116.05	116.88
2011-02-11	116.36	116.86	116.02	116.86
2011-02-14	117.33	117.33	116.43	116.55
2011-02-15	116.31	117.27	116.31	116.97
2011-02-16	117.39	118.39	117.39	118.39
2011-02-17	118.49	118.49	117.84	118.45
2011-02-18	118.95	119.0	118.4	118.6
2011-02-21	118.27	118.37	116.5	116.5
2011-02-22	115.5	115.62	114.56	115.23
2011-02-23	115.1	115.25	114.35	114.35
2011-02-24	113.42	113.93	113.42	113.93
2011-02-28	114.87	115.96	114.87	115.96
2011-03-01	116.72	116.94	114.88	114.88
2011-03-02	113.98	114.09	113.72	114.09
2011-03-03	114.76	115.24	114.2	114.33
2011-03-04	114.83	114.97	113.65	113.65
2011-03-07	113.1	114.25	113.09	113.09
2011-03-09	113.73	113.73	113.3	113.3
2011-03-10	112.29	112.58	112.21	112.21
2011-03-11	111.07	111.65	111.07	111.56
2011-03-14	111.31	111.69	110.36	110.41
2011-03-15	108.19	108.29	105.73	108.03
2011-03-16	108.51	108.51	105.96	105.96
2011-03-17	106.41	107.98	106.27	107.98
2011-03-18	108.55	108.93	108.0	108.22
2011-03-21	109.77	110.48	109.77	110.48
2011-03-22	110.89	110.89	110.28	110.28
2011-03-23	109.89	110.75	109.89	110.75
2011-03-25	112.71	112.71	112.18	112.28
2011-03-28	112.12	112.56	112.12	112.39
2011-03-29	112.67	112.67	111.84	112.21
2011-03-30	113.29	113.29	113.0	113.0
2011-03-31	113.36	113.36	112.17	112.17
2011-04-01	112.78	113.77	112.53	113.77
2011-04-04	115.0	115.0	113.63	113.63
2011-04-05	113.44	113.44	112.95	113.42
2011-04-06	113.6	114.5	113.54	114.29
2011-04-07	114.75	114.75	114.19	114.19
2011-04-11	115.01	115.01	114.63	114.63
2011-04-12	113.93	114.25	113.12	113.12
2011-04-13	113.58	113.79	113.58	113.79
2011-04-14	113.25	113.32	112.41	112.45
2011-04-15	112.47	112.48	111.94	112.33
2011-04-18	112.12	112.12	109.6	109.61
2011-04-19	109.6	110.3	109.6	109.77
2011-04-20	111.05	112.19	110.97	111.94
2011-04-21	112.36	113.01	112.36	112.54
2011-04-26	111.36	113.39	111.36	113.39
2011-04-27	113.61	114.35	113.61	114.35
2011-04-28	115.29	115.51	115.29	115.51
2011-04-29	115.49	115.83	115.49	115.83
2011-05-02	116.81	116.81	116.16	116.16
2011-05-04	115.36	115.99	114.18	114.18
2011-05-05	114.46	114.46	113.03	113.49
2011-05-06	113.49	114.68	113.49	114.68
2011-05-09	114.02	114.02	112.84	113.04
2011-05-10	113.37	114.7	113.2	114.49
2011-05-11	114.84	115.33	114.77	114.77
2011-05-12	113.5	113.65	113.39	113.65
2011-05-13	114.23	114.6	112.95	112.95
2011-05-16	111.91	112.65	111.74	112.65
2011-05-17	112.17	112.17	111.59	111.59
2011-05-18	112.5	112.5	112.06	112.06
2011-05-19	112.81	113.38	112.75	112.75
2011-05-20	113.17	113.17	111.79	111.79
2011-05-23	110.4	110.4	109.93	109.93
2011-05-25	109.22	110.71	109.22	110.71
2011-05-26	111.25	111.54	110.09	110.19
2011-05-27	111.44	111.5	110.87	110.87
2011-05-30	111.05	111.07	110.62	110.62
2011-05-31	111.88	112.68	111.88	112.37
2011-06-01	112.42	112.42	111.12	111.12
2011-06-02	110.22	110.22	109.43	109.43
2011-06-03	109.6	109.67	109.18	109.67
2011-06-06	109.3	109.3	108.75	108.75
2011-06-08	108.86	108.86	108.1	108.11
2011-06-09	108.27	109.01	107.62	109.01
2011-06-13	107.56	107.56	107.25	107.39
2011-06-14	108.37	109.25	108.37	109.05
2011-06-15	108.53	108.53	107.2	107.2
2011-06-16	106.18	106.82	105.73	106.82
2011-06-17	106.15	108.41	106.15	108.41
2011-06-20	106.84	107.33	106.38	107.33
2011-06-21	108.09	109.39	108.09	109.39
2011-06-22	109.5	109.5	109.27	109.34
2011-06-23	108.58	108.58	106.72	106.72
2011-06-24	108.13	108.13	105.94	105.97
2011-06-27	105.69	105.91	105.69	105.91
2011-06-28	106.4	107.05	105.92	106.9
2011-06-29	107.93	109.13	107.93	109.13
2011-07-01	111.23	112.24	111.23	112.24
2011-07-04	112.18	112.18	111.98	112.08
2011-07-05	111.79	111.92	111.33	111.33
2011-07-06	106.78	106.78	105.69	106.01
2011-07-07	106.4	107.47	105.88	106.26
2011-07-08	106.77	106.77	103.97	104.07
2011-07-11	103.08	103.08	100.67	100.78
2011-07-12	100.0	100.28	100.0	100.28
2011-07-13	100.06	101.08	100.06	101.08
2011-07-14	100.28	100.28	99.88	100.28
2011-07-15	100.5	100.5	99.45	99.45
2011-07-18	98.81	99.05	97.25	97.25
2011-07-19	97.83	98.57	97.83	98.57
2011-07-20	99.57	100.61	99.57	100.61
2011-07-21	101.54	103.1	100.04	103.1
2011-07-22	104.0	104.3	103.22	103.5
2011-07-25	102.68	103.02	102.21	102.21
2011-07-26	102.48	102.48	101.83	101.83
2011-07-28	98.72	99.89	98.72	99.89
2011-07-29	98.56	99.1	98.02	99.08
2011-08-01	96.14	96.16	96.14	96.16
2011-08-02	95.7	95.7	94.23	94.23
2011-08-03	92.73	94.22	92.28	92.33
2011-08-04	93.53	93.53	88.98	88.98
2011-08-05	87.5	88.91	87.4	87.8
2011-08-08	88.16	88.69	84.56	84.56
2011-08-09	85.43	85.43	82.07	84.27
2011-08-10	84.77	84.77	79.63	79.63
2011-08-11	81.32	81.92	77.39	81.42
2011-08-12	81.51	85.15	81.51	85.15
2011-08-15	86.33	86.33	85.39	86.02
2011-08-16	85.18	85.5	85.18	85.5
2011-08-17	84.52	85.92	84.52	85.85
2011-08-18	84.32	84.32	80.52	80.9
2011-08-19	80.45	80.55	77.89	79.4
2011-08-22	79.19	81.2	79.19	80.27
2011-08-23	81.26	81.43	80.75	80.75
2011-08-24	81.55	82.17	81.1	82.17
2011-08-25	82.98	82.98	81.0	81.48
2011-08-29	81.64	82.53	81.64	82.53
2011-08-30	83.03	83.25	82.44	82.44
2011-08-31	83.17	84.69	83.17	84.69
2011-09-01	85.13	85.13	83.97	84.76
2011-09-02	83.44	83.44	81.4	81.75
2011-09-05	80.09	80.09	77.72	77.72
2011-09-06	77.97	78.1	76.53	76.53
2011-09-07	78.27	79.03	78.27	79.03
2011-09-09	79.45	79.45	76.39	76.39
2011-09-12	73.71	73.71	72.98	73.3
2011-09-13	74.28	74.64	71.8	74.64
2011-09-14	73.87	76.42	73.87	76.42
2011-09-15	77.31	79.45	77.31	79.26
2011-09-16	80.34	80.7	79.23	79.23
2011-09-19	77.59	77.59	77.41	77.41
2011-09-20	76.96	78.1	76.96	78.1
2011-09-21	78.42	78.42	77.01	77.01
2011-09-22	74.74	74.74	73.22	73.22
2011-09-26	73.14	77.42	73.14	76.42
2011-09-27	78.64	80.67	78.58	80.67
2011-09-28	79.79	81.0	79.79	80.15
2011-09-30	81.07	81.25	80.02	80.21
2011-10-03	78.68	78.68	78.68	78.68
2011-10-05	78.61	80.15	78.01	80.15
2011-10-06	80.97	82.65	80.97	82.65
2011-10-07	82.74	83.48	82.74	83.48
2011-10-10	84.23	85.39	84.23	85.39
2011-10-11	84.99	84.99	84.51	84.99
2011-10-12	84.7	87.27	84.7	87.27
2011-10-13	87.12	87.12	85.42	85.42
2011-10-17	87.07	87.07	84.83	84.83
2011-10-18	83.53	84.26	83.53	84.26
2011-10-20	84.14	84.14	83.06	83.06
2011-10-24	86.15	86.67	86.15	86.67
2011-10-25	86.37	86.37	85.39	85.68
2011-10-26	85.69	86.67	85.33	85.33
2011-10-28	91.28	91.28	89.71	90.09
2011-10-31	89.08	89.08	87.14	87.14
2011-11-02	83.13	83.13	81.81	82.97
2011-11-04	85.99	85.99	83.57	83.57
2011-11-07	81.66	83.35	81.66	83.06
2011-11-08	83.44	84.01	83.44	83.8
2011-11-09	84.93	84.93	80.95	81.46
2011-11-11	81.81	84.38	81.81	84.25
2011-11-14	84.9	84.9	83.01	83.01
2011-11-15	82.38	82.38	80.98	81.59
2011-11-16	81.15	82.06	81.15	82.06
2011-11-17	81.66	81.66	80.85	80.85
2011-11-18	80.12	80.7	80.12	80.7
2011-11-21	80.24	80.24	77.76	77.76
2011-11-22	78.65	78.65	76.55	76.55
2011-11-23	75.63	76.42	75.14	75.14
2011-11-24	75.98	76.48	75.02	75.02
2011-11-25	75.07	75.64	74.29	75.64
2011-11-28	76.87	79.71	76.87	79.71
2011-11-30	79.44	83.77	79.44	83.77
2011-12-01	83.57	83.57	83.2	83.2
2011-12-02	84.23	84.5	84.23	84.41
2011-12-07	85.57	85.57	83.25	83.73
2011-12-08	84.64	84.64	81.47	81.47
2011-12-09	80.56	83.57	80.56	83.57
2011-12-12	82.79	82.79	80.75	80.75
2011-12-13	81.01	81.01	80.31	80.35
2011-12-14	79.72	79.75	78.52	78.52
2011-12-15	78.64	79.2	78.64	79.2
2011-12-19	78.06	79.47	78.06	78.46
2011-12-21	81.84	81.84	80.35	80.35
2011-12-22	81.32	81.54	81.32	81.54
2011-12-23	82.39	82.39	82.07	82.13
2011-12-28	81.97	82.1	80.89	80.89
2011-12-29	80.94	81.81	80.94	81.81
2012-01-03	85.13	85.57	84.51	85.57
2012-01-04	85.08	85.08	84.09	84.09
2012-01-06	82.74	82.74	81.73	81.83
2012-01-10	82.11	83.67	81.92	83.34
2012-01-11	83.52	83.77	82.93	83.29
2012-01-12	83.7	84.67	83.59	83.78
2012-01-13	84.65	84.71	83.46	83.46
2012-01-16	82.96	84.34	82.93	84.34
2012-01-18	85.93	85.93	85.27	85.38
2012-01-19	85.88	87.33	85.88	87.33
2012-01-23	86.88	87.91	86.88	87.91
2012-01-24	87.17	87.4	86.88	87.37
2012-01-25	87.74	87.74	86.89	87.13
2012-01-26	87.41	88.86	87.41	88.86
2012-01-27	88.3	88.3	88.17	88.17
2012-01-30	87.22	87.22	86.42	86.42
2012-01-31	87.27	87.79	87.13	87.13
2012-02-01	87.63	89.15	87.63	89.15
2012-02-02	89.8	89.8	89.39	89.52
2012-02-03	89.51	90.72	89.51	90.72
2012-02-09	91.58	91.92	91.26	91.26
2012-02-13	90.61	90.61	90.09	90.09
2012-02-14	89.52	89.59	89.15	89.59
2012-02-15	90.1	90.1	89.95	89.95
2012-02-16	88.68	89.48	88.46	89.48
2012-02-20	91.86	92.23	91.8	92.23
2012-02-21	92.07	92.23	91.95	91.95
2012-02-22	91.93	91.93	90.71	90.71
2012-02-23	90.69	90.69	89.82	89.82
2012-02-24	90.94	90.94	90.67	90.67
2012-03-06	90.17	90.17	87.56	87.56
2012-03-07	87.39	88.02	87.31	88.02
2012-03-08	88.71	89.88	88.58	89.88
2012-03-12	89.75	89.75	89.57	89.57
2012-03-21	93.19	93.19	91.39	92.26
2012-03-23	90.91	90.92	90.06	90.92
2012-03-27	91.86	91.86	90.74	90.74
2012-03-30	88.49	88.75	88.49	88.75
2012-04-02	88.88	89.34	88.37	89.34
2012-04-03	89.24	89.24	87.86	87.86
2012-04-04	87.41	87.41	85.45	85.45
2012-04-05	85.85	85.85	85.28	85.28
2012-04-11	82.69	83.3	82.57	83.3
2012-04-12	83.39	83.66	83.39	83.45
2012-04-16	81.14	81.45	81.14	81.45
2012-04-17	81.43	83.76	81.43	83.76
2012-04-19	82.76	82.76	80.67	80.67
2012-04-24	79.74	80.67	79.74	80.67
2012-04-25	81.27	82.4	81.27	82.34
2012-04-26	82.46	82.46	82.11	82.11
2012-04-27	80.74	83.32	80.74	83.11
2012-05-03	81.82	82.09	80.97	80.97
2012-05-18	75.52	76.44	75.52	76.44
2012-05-21	76.28	77.23	76.28	77.23
2012-05-22	77.81	78.79	77.81	78.79
2012-05-23	77.75	77.75	76.57	76.57
2012-05-25	77.91	78.13	77.58	77.58
2012-05-30	76.39	76.39	75.86	75.86
2012-06-01	75.86	75.86	74.96	74.96
2012-06-04	74.46	75.04	74.46	75.04
2012-06-06	75.96	77.18	75.96	77.18
2012-06-15	77.83	78.63	77.83	78.63
2012-06-18	80.02	80.02	77.8	77.8
2012-06-19	78.06	79.54	77.83	79.54
2012-06-20	79.65	80.49	79.65	80.49
2012-06-22	79.21	80.4	79.21	80.03
2012-06-25	79.43	79.43	77.77	77.77
2012-06-26	77.81	77.81	77.68	77.68
2012-06-28	78.96	78.96	78.12	78.59
2012-06-29	80.37	82.44	80.37	82.44
2012-07-04	84.15	84.15	84.0	84.14
2012-07-05	83.95	83.95	82.69	82.84
2012-07-06	82.34	82.34	81.01	81.01
2012-07-09	80.91	81.13	80.91	81.13
2012-07-10	81.17	81.9	81.17	81.4
2012-07-12	77.79	77.79	77.46	77.46
2012-07-16	78.77	78.77	78.28	78.28
2012-07-18	78.45	79.24	77.94	79.07
2012-07-19	79.36	79.68	79.36	79.68
2012-07-20	79.36	79.36	77.01	77.01
2012-07-23	76.46	76.46	74.92	74.92
2012-07-26	73.88	77.0	73.88	77.0
2012-07-27	77.5	78.97	77.5	78.97
2012-07-30	79.42	80.93	79.42	80.56
2012-07-31	80.7	80.8	80.13	80.13
2012-08-02	80.46	80.46	77.86	77.86
2012-08-03	78.03	81.37	78.03	81.37
2012-08-06	81.26	82.7	81.26	82.7
2012-08-07	82.66	84.32	82.66	84.32
2012-08-08	84.07	84.13	84.07	84.08
2012-08-09	84.51	84.51	83.88	84.2
2012-08-10	83.64	83.95	83.64	83.95
2012-08-13	83.62	84.14	83.52	83.66
2012-08-16	84.13	85.37	84.13	85.37
2012-08-20	86.2	86.35	85.7	85.7
2012-08-21	86.07	86.6	86.07	86.6
2012-08-23	86.08	86.08	84.52	84.52
2012-08-27	84.22	85.46	84.22	85.27
2012-08-28	84.95	85.15	84.7	84.88
2012-08-29	84.94	84.94	84.52	84.52
2012-08-31	83.38	85.0	83.38	84.87
2012-09-03	84.52	85.44	84.52	85.44
2012-09-05	84.78	84.84	84.49	84.79
2012-09-06	85.3	87.72	85.3	87.72
2012-09-07	88.48	89.69	88.48	89.07
2012-09-10	89.05	89.05	88.79	88.98
2012-09-11	88.53	89.98	88.53	89.98
2012-09-12	90.27	91.12	90.27	90.62
2012-09-14	91.7	92.19	91.7	91.89
2012-09-17	91.45	91.48	91.3	91.43
2012-09-18	90.62	90.62	89.85	90.16
2012-09-19	90.55	90.55	90.26	90.26
2012-09-20	89.51	89.59	89.45	89.59
2012-09-24	90.06	90.06	89.57	89.97
2012-09-25	89.94	90.4	89.89	90.4
2012-09-26	89.14	89.14	87.69	87.69
2012-09-27	88.1	88.1	87.79	87.79
2012-09-28	88.38	88.38	86.28	86.28
2012-10-01	86.21	87.85	86.21	87.85
2012-10-02	86.94	87.64	86.94	87.64
2012-10-05	87.76	88.8	87.76	88.8
2012-10-10	86.6	86.6	86.35	86.36
2012-10-12	87.02	87.02	86.73	86.73
2012-10-15	86.89	87.45	86.89	87.25
2012-10-16	88.0	89.23	88.0	89.23
2012-10-19	90.67	90.67	89.57	89.57
2012-10-22	89.48	90.15	89.34	89.34
2012-10-23	89.39	89.39	87.56	87.61
2012-10-29	87.12	87.12	86.71	86.71
2012-10-30	87.35	88.12	87.35	88.12
2012-11-05	88.43	88.43	88.29	88.34
2012-11-06	88.16	88.97	88.16	88.97
2012-11-07	89.69	89.69	86.92	86.92
2012-11-09	86.75	86.75	86.1	86.52
2012-11-12	86.39	86.39	86.23	86.32
2012-11-14	86.53	86.69	86.31	86.31
2012-11-16	85.71	85.71	84.39	84.39
2012-11-20	86.2	86.95	86.2	86.95
2012-11-23	88.16	88.63	88.16	88.63
2012-11-27	88.96	88.96	88.05	88.05
2012-11-28	87.83	88.07	87.28	88.07
2012-11-29	88.59	89.43	88.59	89.43
2012-11-30	89.41	89.45	89.41	89.45
2012-12-03	89.52	89.79	89.36	89.36
2012-12-04	89.39	89.9	89.39	89.68
2012-12-05	90.44	90.44	90.08	90.08
2012-12-07	90.47	90.6	90.17	90.17
2012-12-11	89.91	90.81	89.91	90.81
2012-12-12	90.44	90.84	90.44	90.84
2012-12-13	90.93	90.93	90.7	90.7
2012-12-14	90.87	90.94	90.87	90.94
2012-12-17	90.91	90.98	90.91	90.98
2012-12-18	91.32	91.8	91.32	91.8
2012-12-19	91.96	92.23	91.96	92.23
2012-12-20	91.79	92.28	91.79	92.25
2012-12-21	91.94	92.18	91.66	92.18
2012-12-27	92.26	92.34	92.26	92.34
2012-12-28	92.46	92.46	91.09	91.16
2013-01-02	93.37	94.15	92.94	94.15
2013-01-03	94.08	94.26	94.08	94.26
2013-01-07	94.68	94.77	94.31	94.31
2013-01-08	94.01	94.6	94.01	94.16
2013-01-09	94.68	95.05	94.68	95.05
2013-01-10	95.23	95.77	95.23	95.4
2013-01-11	95.83	95.83	95.45	95.61
2013-01-14	96.11	96.44	95.65	95.68
2013-01-15	95.26	95.26	95.17	95.22
2013-01-16	94.97	95.04	94.49	95.04
2013-01-17	95.11	95.81	95.09	95.81
2013-01-18	96.13	96.13	95.6	95.6
2013-01-21	96.12	96.19	95.77	96.19
2013-01-22	96.12	96.12	95.67	95.67
2013-01-23	95.7	95.7	95.05	95.13
2013-01-24	94.75	95.77	94.75	95.77
2013-01-25	95.52	96.51	95.52	96.21
2013-01-28	96.5	96.53	96.39	96.41
2013-01-29	96.41	96.66	96.08	96.66
2013-01-30	96.61	96.61	95.5	95.73
2013-01-31	95.62	95.62	94.76	95.05
2013-02-01	94.64	95.01	94.64	95.01
2013-02-04	94.91	94.91	92.02	92.02
2013-02-05	91.83	92.73	91.59	92.73
2013-02-06	92.55	92.95	91.92	91.92
2013-02-07	91.92	92.48	91.01	91.15
2013-02-08	91.39	92.27	91.39	92.27
2013-02-12	92.04	93.0	92.04	93.0
2013-02-13	93.14	93.75	92.92	93.39
2013-02-14	93.26	93.36	92.48	92.67
2013-02-15	92.67	92.8	92.0	92.0
2013-02-18	91.83	92.3	91.83	92.22
2013-02-19	92.03	93.55	92.03	93.51
2013-02-21	91.87	91.87	90.24	90.24
2013-02-22	90.79	91.83	90.79	91.83
2013-02-25	92.73	93.68	92.53	92.53
2013-02-26	89.66	90.14	89.66	89.71
2013-02-27	90.33	91.21	89.86	91.21
2013-03-01	91.64	91.64	90.87	90.87
2013-03-04	90.37	91.2	90.33	91.2
2013-03-05	92.33	93.5	92.33	93.35
2013-03-06	93.42	93.57	93.2	93.2
2013-03-08	94.15	95.14	94.15	95.14
2013-03-11	94.76	94.79	94.58	94.79
2013-03-12	94.6	94.93	94.58	94.58
2013-03-13	94.44	94.44	94.22	94.22
2013-03-14	94.69	95.52	94.69	95.52
2013-03-15	95.52	95.52	94.84	94.98
2013-03-18	92.67	94.29	92.67	94.2
2013-03-19	93.85	94.0	92.58	92.99
2013-03-20	93.61	94.29	93.61	94.29
2013-03-21	94.14	94.14	93.72	93.72
2013-03-22	93.5	93.56	93.5	93.56
2013-03-25	94.7	94.7	91.81	91.96
2013-03-27	91.67	91.67	90.38	90.38
2013-03-28	90.46	90.46	89.75	90.36
2013-04-02	90.47	92.08	90.47	92.08
2013-04-03	91.54	91.6	90.72	90.72
2013-04-04	91.08	91.66	90.1	90.28
2013-04-05	90.48	90.48	88.72	89.31
2013-04-08	89.73	89.73	89.13	89.13
2013-04-10	90.17	92.42	90.17	92.42
2013-04-11	92.22	93.23	92.22	93.11
2013-04-12	92.55	92.55	91.5	91.64
2013-04-15	91.57	91.57	91.03	91.03
2013-04-16	90.62	90.79	90.43	90.67
2013-04-17	91.0	91.0	88.77	88.77
2013-04-18	89.09	89.36	88.44	88.44
2013-04-19	89.02	89.05	88.95	88.98
2013-04-22	89.85	90.0	89.55	89.55
2013-04-23	89.8	92.46	89.8	92.46
2013-04-26	93.84	93.84	93.22	93.44
2013-04-29	94.16	94.82	94.16	94.82
2013-04-30	95.48	95.48	94.68	94.68
2013-05-02	94.5	95.05	94.5	95.05
2013-05-03	95.28	96.63	94.93	96.63
2013-05-06	96.52	96.63	96.37	96.44
2013-05-07	96.7	97.4	96.7	97.11
2013-05-08	97.34	97.92	97.34	97.92
2013-05-09	97.47	97.79	97.47	97.79
2013-05-10	98.06	98.19	98.06	98.12
2013-05-13	98.27	98.27	97.62	97.67
2013-05-14	98.07	98.3	97.14	98.3
2013-05-15	98.15	99.05	98.15	98.98
2013-05-17	98.86	99.66	98.86	99.62
2013-05-20	99.82	100.26	99.82	100.26
2013-05-21	100.04	100.04	99.1	99.91
2013-05-22	100.38	100.46	100.38	100.46
2013-05-23	98.28	98.5	97.87	98.43
2013-05-24	98.98	98.98	97.7	98.06
2013-05-27	98.52	99.04	98.52	99.04
2013-05-28	99.57	101.14	99.57	100.54
2013-05-29	100.0	100.02	99.23	99.23
2013-05-30	98.93	99.63	98.93	99.63
2013-05-31	99.52	99.52	98.76	98.76
2013-06-03	98.13	98.75	97.6	97.95
2013-06-04	99.01	99.01	98.18	98.18
2013-06-05	97.44	98.23	96.81	96.81
2013-06-06	96.93	97.19	95.47	95.47
2013-06-07	95.47	96.97	95.47	96.97
2013-06-10	96.86	97.3	96.75	96.75
2013-06-11	96.27	96.27	94.94	95.63
2013-06-12	95.38	95.87	94.77	94.81
2013-06-13	93.28	94.71	93.28	94.71
2013-06-14	95.26	95.7	94.92	95.11
2013-06-17	95.74	96.75	95.74	96.27
2013-06-18	95.79	96.67	95.79	96.43
2013-06-19	96.43	96.46	95.69	95.71
2013-06-20	94.23	94.23	92.52	92.52
2013-06-21	92.89	92.89	91.24	91.24
2013-06-24	91.09	91.11	89.42	89.7
2013-06-25	90.55	90.99	90.5	90.68
2013-06-26	90.56	92.71	90.56	92.46
2013-06-27	92.39	92.98	91.94	92.98
2013-06-28	93.68	93.68	92.19	92.45
2013-07-01	93.14	93.34	93.14	93.24
2013-07-02	93.48	93.48	92.64	92.8
2013-07-03	91.77	92.03	91.06	91.79
2013-07-04	92.39	94.35	92.38	94.35
2013-07-05	94.37	94.5	92.7	92.7
2013-07-08	93.84	94.92	93.84	94.56
2013-07-09	95.13	95.17	95.0	95.17
2013-07-10	92.01	92.01	91.45	91.89
2013-07-11	93.04	93.04	92.48	92.53
2013-07-15	92.69	92.85	92.66	92.84
2013-07-16	92.98	92.98	92.33	92.33
2013-07-17	92.55	92.93	91.88	92.84
2013-07-18	92.76	94.28	92.76	94.07
2013-07-19	94.02	94.39	93.91	94.39
2013-07-22	94.65	95.13	94.58	94.86
2013-07-23	95.43	95.63	95.09	95.09
2013-07-24	95.41	96.33	95.41	96.1
2013-07-25	95.94	95.98	95.13	95.89
2013-07-26	96.5	96.5	95.75	95.93
2013-07-29	96.21	96.21	95.72	95.72
2013-07-30	96.12	96.22	96.12	96.22
2013-07-31	95.93	96.02	95.69	95.83
2013-08-01	96.34	97.32	96.34	97.32
2013-08-02	97.67	97.73	97.3	97.56
2013-08-05	97.75	97.76	97.3	97.54
2013-08-06	97.54	97.62	96.3	96.69
2013-08-07	96.34	96.98	96.31	96.94
2013-08-08	97.37	98.11	97.18	98.11
2013-08-09	98.29	98.65	97.86	98.63
2013-08-12	98.75	98.77	98.48	98.77
2013-08-13	99.15	99.4	98.89	99.25
2013-08-14	99.34	99.71	99.17	99.71
2013-08-15	99.53	99.53	98.06	98.95
2013-08-16	98.83	99.69	98.83	99.69
2013-08-19	99.58	99.58	98.59	98.59
2013-08-20	97.83	97.83	96.87	97.18
2013-08-21	97.39	97.39	96.79	96.79
2013-08-22	97.27	98.7	97.27	98.22
2013-08-23	98.34	98.81	98.07	98.8
2013-08-26	98.83	98.83	98.17	98.43
2013-08-27	98.05	98.05	95.84	96.04
2013-08-28	95.65	96.09	95.44	95.88
2013-08-29	96.4	96.43	96.11	96.43
2013-08-30	96.29	96.29	95.2	95.2
2013-09-02	96.4	96.98	96.4	96.86
2013-09-03	97.38	97.38	96.58	96.58
2013-09-04	96.9	97.32	96.9	97.17
2013-09-05	97.31	97.9	97.31	97.89
2013-09-10	99.65	101.0	99.65	100.8
2013-09-11	100.71	101.35	100.71	101.35
2013-09-12	101.67	101.67	101.39	101.39
2013-09-13	101.14	101.65	100.98	101.65
2013-09-16	102.56	102.9	102.45	102.52
2013-09-17	102.16	102.55	101.75	102.31
2013-09-18	102.35	102.85	102.35	102.79
2013-09-19	104.14	104.14	103.23	103.5
2013-09-20	103.19	103.44	103.12	103.43
2013-09-23	103.53	103.64	102.94	103.01
2013-09-24	103.14	103.41	103.07	103.41
2013-09-25	103.37	103.75	103.14	103.6
2013-09-26	103.76	103.83	103.08	103.57
2013-09-27	103.67	103.67	103.37	103.37
2013-09-30	102.06	102.55	102.06	102.48
2013-10-01	103.15	104.15	103.15	104.15
2013-10-02	103.78	103.95	103.78	103.87
2013-10-03	104.22	104.22	103.4	103.4
2013-10-04	103.36	104.52	103.36	104.25
2013-10-07	103.64	104.26	103.21	104.23
2013-10-08	104.18	104.18	103.73	103.73
2013-10-09	103.36	104.42	103.36	103.94
2013-10-10	104.45	106.31	104.45	106.31
2013-10-11	106.55	106.55	106.01	106.37
2013-10-14	106.11	106.62	105.9	106.62
2013-10-15	107.09	107.96	107.09	107.96
2013-10-16	107.68	108.79	107.68	108.71
2013-10-17	108.27	108.47	107.72	108.4
2013-10-18	108.89	109.01	108.35	109.01
2013-10-21	109.04	109.16	108.89	109.16
2013-10-22	108.8	109.54	108.58	109.45
2013-10-23	108.7	108.7	107.98	108.17
2013-10-24	108.79	109.08	108.74	109.08
2013-10-25	108.57	108.82	108.57	108.68
2013-10-28	109.01	109.01	107.77	108.06
2013-10-29	107.58	109.18	107.58	109.15
2013-10-30	109.4	110.04	109.09	109.09
2013-10-31	108.87	109.93	108.87	109.93
2013-11-01	109.87	110.1	109.44	109.44
2013-11-04	109.95	110.15	109.58	109.91
2013-11-05	109.8	109.8	108.95	108.96
2013-11-06	109.46	109.9	109.46	109.78
2013-11-07	109.76	111.2	109.4	109.55
2013-11-08	108.82	109.29	107.71	109.2
2013-11-11	109.43	109.84	109.03	109.78
2013-11-12	109.74	110.0	109.15	109.22
2013-11-13	108.86	109.06	108.5	108.71
2013-11-14	109.95	109.95	109.27	109.6
2013-11-15	109.73	109.83	109.73	109.76
2013-11-18	109.55	111.04	109.45	110.58
2013-11-19	110.34	110.35	109.65	109.65
2013-11-20	109.39	109.59	109.0	109.43
2013-11-21	108.73	109.64	108.44	109.64
2013-11-22	109.5	110.06	109.5	109.98
2013-11-25	110.31	110.53	110.24	110.52
2013-11-26	110.28	110.61	110.28	110.3
2013-11-27	110.58	110.86	110.58	110.86
2013-11-28	111.03	111.38	111.01	111.34
2013-11-29	111.14	111.58	111.11	111.11
2013-12-02	111.26	111.26	110.63	110.87
2013-12-03	110.57	110.57	108.45	108.45
2013-12-04	108.43	108.43	106.92	107.5
2013-12-05	107.12	107.61	106.17	106.17
2013-12-06	106.5	107.16	106.33	107.0
2013-12-09	107.48	107.48	106.83	107.37
2013-12-10	107.12	107.44	106.52	106.65
2013-12-11	105.96	106.46	105.42	105.42
2013-12-12	105.09	105.31	104.68	104.77
2013-12-13	104.77	105.24	104.56	104.56
2013-12-16	104.73	106.55	104.73	106.3
2013-12-17	106.09	106.25	105.39	105.39
2013-12-18	105.94	106.44	105.94	106.44
2013-12-19	107.44	108.25	107.44	108.24
2013-12-20	108.52	108.97	108.38	108.97
2013-12-23	109.2	109.84	109.2	109.84
2013-12-27	110.63	111.2	110.59	111.2
2013-12-30	111.38	111.38	111.09	111.18
2014-01-02	111.35	111.35	109.64	109.64
2014-01-03	109.94	110.58	109.94	110.38
2014-01-06	110.28	110.84	110.2	110.29
2014-01-07	110.67	111.96	110.67	111.91
2014-01-08	111.86	111.91	111.67	111.81
2014-01-09	112.11	112.5	111.39	111.39
2014-01-10	112.03	112.03	111.58	111.87
2014-01-13	112.4	112.55	112.09	112.34
2014-01-14	111.06	112.76	111.06	112.7
2014-01-15	113.2	114.7	113.2	114.51
2014-01-16	114.68	114.68	113.99	114.11
2014-01-17	114.45	114.6	114.23	114.41
2014-01-20	114.05	114.3	113.9	114.1
2014-01-21	114.3	114.5	113.68	113.87
2014-01-22	114.19	114.19	113.68	113.68
2014-01-23	113.58	114.19	112.95	112.95
2014-01-24	113.32	113.32	109.8	109.93
2014-01-27	109.83	110.09	109.41	109.41
2014-01-28	110.16	110.78	110.14	110.57
2014-01-29	111.85	112.13	109.29	109.84
2014-01-30	109.53	110.51	109.53	110.51
2014-01-31	110.15	110.15	108.32	109.71
2014-02-03	109.97	109.97	108.07	108.07
2014-02-04	107.37	108.13	107.05	107.93
2014-02-05	107.67	108.55	107.67	108.18
2014-02-06	108.83	110.11	108.83	110.11
2014-02-07	110.39	111.09	110.01	111.09
2014-02-10	111.43	111.43	110.94	110.94
2014-02-11	111.47	112.58	111.47	112.58
2014-02-12	112.92	113.29	112.92	113.29
2014-02-13	113.16	113.47	112.0	113.43
2014-02-14	113.71	114.08	113.71	114.08
2014-02-17	114.2	114.55	114.0	114.25
2014-02-18	114.37	114.37	114.05	114.21
2014-02-19	113.98	114.4	113.53	114.21
2014-02-20	112.96	114.21	112.96	114.16
2014-02-21	114.67	114.96	114.06	114.73
2014-02-24	114.57	115.53	114.43	115.53
2014-02-25	115.1	115.77	115.07	115.77
2014-02-26	115.88	115.88	115.14	115.25
2014-02-27	115.27	115.27	114.0	115.01
2014-02-28	115.07	115.32	114.9	115.29
2014-03-03	112.59	112.7	112.14	112.14
2014-03-04	113.49	115.02	113.42	115.02
2014-03-05	114.79	115.47	114.79	115.44
2014-03-06	116.1	116.24	115.67	115.83
2014-03-07	115.73	115.89	114.0	114.0
2014-03-10	113.98	114.87	113.76	113.76
2014-03-11	114.44	114.44	113.72	113.87
2014-03-12	113.34	113.34	112.27	112.95
2014-03-13	112.98	112.98	111.24	111.24
2014-03-14	110.83	110.84	109.88	110.43
2014-03-17	110.97	112.31	110.89	112.31
2014-03-18	112.02	113.65	112.02	113.25
2014-03-19	113.57	113.61	113.38	113.38
2014-03-20	112.55	113.68	112.39	113.68
2014-03-21	113.94	114.28	113.65	113.95
2014-03-24	113.94	113.94	112.11	112.11
2014-03-25	112.72	113.6	112.72	113.6
2014-03-26	114.0	115.0	114.0	114.9
2014-03-27	115.01	115.01	114.96	114.96
2014-03-28	115.85	116.13	115.85	116.13
2014-03-31	116.63	116.99	116.19	116.46
2014-04-01	116.92	117.37	116.89	117.37
2014-04-02	117.64	117.64	117.42	117.42
2014-04-03	117.37	118.19	117.3	117.79
2014-04-04	117.94	118.64	117.94	118.64
2014-04-07	118.0	118.04	117.18	117.18
2014-04-08	117.37	117.37	115.53	116.44
2014-04-09	116.91	117.22	116.76	116.98
2014-04-10	117.36	117.36	115.91	116.02
2014-04-11	114.85	115.3	114.2	114.42
2014-04-14	114.28	114.9	113.27	114.68
2014-04-15	114.78	114.78	113.37	113.37
2014-04-16	114.48	115.23	114.34	115.12
2014-04-17	115.32	115.99	114.88	115.99
2014-04-22	116.41	118.0	116.41	117.67
2014-04-23	117.84	117.84	117.31	117.31
2014-04-24	117.75	118.12	116.67	117.24
2014-04-25	116.81	116.81	115.95	115.95
2014-04-28	116.36	116.84	116.05	116.35
2014-04-29	117.02	118.16	117.02	117.99
2014-04-30	117.72	117.87	117.65	117.78
2014-05-02	118.02	118.03	117.4	117.4
2014-05-05	117.21	117.21	116.0	117.18
2014-05-06	117.74	117.74	116.37	116.72
2014-05-07	116.25	117.48	116.25	117.11
2014-05-08	117.47	118.65	117.47	118.65
2014-05-09	118.47	118.47	117.67	118.0
2014-05-12	118.37	118.9	118.13	118.9
2014-05-13	119.15	119.15	118.74	118.85
2014-05-14	118.93	118.93	118.38	118.74
2014-05-15	118.67	119.1	116.67	116.67
2014-05-16	116.81	116.94	115.98	116.94
2014-05-19	116.82	117.37	115.88	117.2
2014-05-20	117.0	117.38	116.95	117.19
2014-05-21	116.72	117.96	116.72	117.7
2014-05-22	118.27	118.27	117.76	118.15
2014-05-23	118.09	118.81	118.09	118.81
2014-05-26	119.56	120.43	119.45	120.43
2014-05-27	120.1	120.65	120.1	120.34
2014-05-28	120.33	120.45	120.05	120.45
2014-05-29	120.23	120.44	120.23	120.44
2014-05-30	120.19	120.57	120.08	120.43
2014-06-02	120.85	120.93	120.55	120.93
2014-06-03	120.76	120.76	120.07	120.37
2014-06-04	120.16	120.46	119.84	120.3
2014-06-05	120.53	121.8	120.29	121.37
2014-06-06	121.69	122.67	121.34	122.67
2014-06-09	122.99	123.35	122.75	123.18
2014-06-10	123.01	123.31	122.85	123.31
2014-06-11	123.11	123.11	122.28	122.28
2014-06-12	122.53	122.87	122.43	122.43
2014-06-13	122.35	122.38	121.32	122.38
2014-06-16	121.95	121.95	121.78	121.79
2014-06-17	121.88	122.27	121.38	122.04
2014-06-18	122.28	122.52	122.17	122.17
2014-06-19	123.34	123.77	123.34	123.39
2014-06-20	123.36	123.58	122.95	122.95
2014-06-23	122.93	122.93	121.95	122.25
2014-06-24	122.65	122.65	122.13	122.34
2014-06-25	121.76	121.76	121.07	121.07
2014-06-26	121.13	121.18	120.55	120.55
2014-06-27	120.47	121.0	120.22	120.22
2014-06-30	120.46	120.58	120.13	120.34
2014-07-01	120.65	121.4	120.51	121.2
2014-07-02	121.26	121.38	121.05	121.36
2014-07-03	121.02	122.3	121.02	122.3
2014-07-04	122.11	122.11	121.46	121.46
2014-07-07	121.31	121.31	120.05	120.05
2014-07-08	120.48	120.48	118.39	118.39
2014-07-09	115.02	115.84	114.88	115.84
2014-07-10	115.23	115.23	113.1	113.77
2014-07-11	113.94	114.72	113.9	114.02
2014-07-14	114.38	115.31	114.38	115.15
2014-07-15	114.75	115.1	114.12	114.12
2014-07-16	114.75	116.3	114.75	116.3
2014-07-17	115.29	115.52	114.4	114.4
2014-07-18	113.77	114.57	113.77	114.57
2014-07-21	114.65	114.65	113.83	113.89
2014-07-22	114.44	115.71	114.44	115.68
2014-07-23	115.34	115.96	115.34	115.74
2014-07-24	115.53	116.79	115.53	116.72
2014-07-25	116.45	116.45	115.43	115.43
2014-07-28	115.81	115.81	115.49	115.49
2014-07-29	115.78	116.36	115.34	116.14
2014-07-30	115.72	115.95	114.81	114.91
2014-07-31	115.17	115.17	113.27	113.34
2014-08-01	113.31	113.31	111.85	111.85
2014-08-04	112.15	112.15	111.77	111.86
2014-08-05	112.0	112.02	111.16	111.4
2014-08-06	110.42	110.7	109.65	109.95
2014-08-07	109.84	110.07	108.8	108.8
2014-08-08	107.99	109.06	107.99	108.63
2014-08-11	109.65	110.24	109.38	110.24
2014-08-12	109.89	109.89	109.5	109.54
2014-08-14	110.02	110.81	110.02	110.66
2014-08-15	110.86	111.84	109.58	109.58
2014-08-18	111.19	111.41	111.0	111.14
2014-08-19	111.4	111.78	111.4	111.78
2014-08-20	111.55	111.55	111.3	111.43
2014-08-21	111.44	112.96	111.44	112.86
2014-08-22	112.75	112.75	112.03	112.03
2014-08-25	113.36	113.87	112.93	113.87
2014-08-26	113.9	115.46	113.9	115.4
2014-08-27	115.21	115.57	115.21	115.57
2014-08-28	115.26	115.26	114.2	114.43
2014-08-29	114.65	114.65	114.48	114.48
2014-09-01	114.78	114.78	114.36	114.66
2014-09-02	115.04	115.32	114.78	114.78
2014-09-03	115.11	116.34	115.11	116.25
2014-09-04	115.82	118.01	115.82	117.64
2014-09-05	117.84	118.0	117.8	117.8
2014-09-08	117.75	117.75	117.38	117.5
2014-09-09	117.44	117.44	116.6	116.6
2014-09-10	116.62	116.68	116.49	116.63
2014-09-11	116.78	116.78	116.02	116.19
2014-09-12	116.38	116.38	115.76	116.31
2014-09-15	115.64	115.97	115.64	115.77
2014-09-16	115.59	115.59	115.0	115.47
2014-09-17	115.93	116.52	115.93	116.26
2014-09-18	116.46	117.15	116.46	117.15
2014-09-19	117.96	118.0	117.22	117.54
2014-09-22	116.96	117.43	116.93	116.93
2014-09-23	116.44	116.44	115.13	115.17
2014-09-24	115.36	116.45	115.36	116.25
2014-09-25	116.29	116.86	114.64	114.89
2014-09-26	114.55	115.56	114.55	115.5
2014-09-29	115.65	115.65	113.91	114.31
2014-09-30	115.0	116.07	115.0	115.7
2014-10-01	115.37	115.8	114.58	114.58
2014-10-02	114.23	114.5	111.48	111.48
2014-10-03	112.24	112.41	112.0	112.41
2014-10-06	113.1	113.1	112.33	112.34
2014-10-07	111.54	111.57	110.6	110.6
2014-10-08	110.14	110.18	109.62	109.62
2014-10-09	110.51	110.51	108.82	109.02
2014-10-10	108.05	108.46	106.84	107.09
2014-10-13	106.14	107.58	106.14	107.22
2014-10-14	106.78	107.62	105.8	107.49
2014-10-15	107.08	107.08	103.47	103.47
2014-10-16	104.15	104.15	100.8	102.73
2014-10-17	103.21	105.89	102.99	105.89
2014-10-20	105.27	105.31	104.45	105.05
2014-10-21	104.62	107.27	104.62	107.27
2014-10-22	107.52	108.09	107.0	108.01
2014-10-23	107.22	109.32	107.22	109.32
2014-10-24	108.39	108.88	108.39	108.88
2014-10-27	109.91	109.91	107.54	107.54
2014-10-28	107.79	108.83	107.79	108.83
2014-10-29	109.16	109.16	108.37	108.37
2014-10-30	108.88	108.88	106.57	108.73
2014-10-31	110.7	111.23	110.7	111.23
2014-11-03	110.88	111.04	109.84	109.88
2014-11-04	110.02	110.68	108.43	108.43
2014-11-06	109.87	110.65	109.69	110.48
2014-11-11	110.63	110.93	110.63	110.93
2014-11-12	110.65	110.65	109.02	109.02
2014-11-13	109.52	109.79	108.87	108.87
2014-11-14	109.4	109.48	109.15	109.42
2014-11-17	108.63	110.22	108.63	110.22
2014-11-18	110.35	111.47	110.35	111.47
2014-11-19	111.31	111.62	111.31	111.56
2014-11-21	111.09	113.87	111.09	113.87
2014-11-24	113.89	115.12	113.89	114.34
2014-11-25	114.58	115.55	114.58	115.22
2014-11-26	115.46	115.46	115.05	115.2
2014-11-27	115.37	115.67	115.37	115.48
2014-11-28	115.44	115.65	114.98	115.65
2014-12-01	114.91	115.08	114.84	114.84
2014-12-02	115.44	116.0	115.28	115.28
2014-12-03	115.74	116.18	115.74	116.16
2014-12-04	116.22	116.49	114.02	114.02
2014-12-05	115.3	116.88	115.3	116.59
2014-12-08	116.41	116.5	115.76	115.76
2014-12-09	114.48	114.5	112.81	112.88
2014-12-10	112.77	112.9	111.7	111.7
2014-12-11	111.89	112.3	111.5	111.89
2014-12-12	111.02	111.02	108.8	108.8
2014-12-15	108.78	109.55	106.16	106.25
2014-12-16	106.38	108.57	105.36	108.29
2014-12-17	107.04	109.16	107.04	108.59
2014-12-18	110.16	112.0	110.16	111.98
2014-12-19	112.54	112.54	110.96	111.15
2014-12-22	112.2	112.64	112.03	112.03
2014-12-23	112.14	113.46	112.0	113.32
2014-12-29	112.13	113.28	112.06	112.77
2014-12-30	112.1	112.66	111.53	111.53
2015-01-02	112.47	112.71	111.5	111.6
2015-01-05	110.98	111.3	107.52	107.52
2015-01-06	107.88	108.15	106.96	107.15
2015-01-07	107.61	108.82	107.61	107.84
2015-01-08	109.16	111.24	109.14	111.04
2015-01-09	110.08	110.27	108.16	108.2
2015-01-12	108.8	109.3	108.8	109.24
2015-01-13	108.79	110.96	108.79	110.85
2015-01-14	109.39	110.56	108.97	108.97
2015-01-15	110.37	111.4	110.14	111.35
2015-01-16	110.79	113.05	110.79	113.05
2015-01-19	113.19	114.02	113.19	114.02
2015-01-20	114.36	115.0	114.36	114.91
2015-01-21	115.15	115.74	113.77	115.74
2015-01-22	116.19	118.14	116.08	118.0
2015-01-23	118.71	120.0	118.71	119.53
2015-01-26	118.95	120.74	118.95	120.74
2015-01-27	120.43	120.43	118.8	119.12
2015-01-28	118.38	118.63	118.13	118.61
2015-01-29	118.24	119.23	118.24	119.23
2015-01-30	119.89	119.89	118.55	118.65
2015-02-02	118.8	119.32	118.32	119.32
2015-02-03	120.12	121.31	120.12	121.25
2015-02-04	121.15	121.15	120.35	120.81
2015-02-05	119.71	121.0	119.71	120.87
2015-02-06	120.49	120.86	120.36	120.58
2015-02-09	119.47	119.47	118.46	119.15
2015-02-10	119.24	120.45	118.94	120.17
2015-02-11	120.24	120.24	119.57	119.57
2015-02-12	119.61	121.45	119.61	121.42
2015-02-13	122.01	122.6	122.01	122.6
2015-02-16	122.58	122.58	122.25	122.25
2015-02-17	121.39	122.24	121.17	122.05
2015-02-18	122.83	123.33	122.83	123.33
2015-02-19	123.03	124.04	122.53	124.04
2015-02-20	123.6	123.94	123.0	123.94
2015-02-23	124.98	124.98	124.18	124.94
2015-02-24	124.9	125.9	124.61	125.64
2015-02-25	125.79	125.88	125.32	125.88
2015-02-26	125.51	126.43	125.51	126.15
2015-02-27	126.28	127.07	126.01	126.93
2015-03-02	127.2	127.2	126.32	126.69
2015-03-03	126.88	126.91	125.31	125.31
2015-03-04	125.89	126.23	124.8	126.23
2015-03-05	126.46	127.63	126.46	127.22
2015-03-06	127.33	127.67	127.11	127.25
2015-03-09	126.06	127.04	126.06	127.04
2015-03-10	126.9	126.9	125.1	125.58
2015-03-11	125.9	128.24	125.9	128.24
2015-03-12	127.88	128.1	127.86	128.05
2015-03-13	128.36	128.36	127.55	128.34
2015-03-16	128.72	129.99	128.72	129.81
2015-03-17	129.99	129.99	128.5	128.71
2015-03-18	129.02	129.02	128.08	128.96
2015-03-19	128.85	129.54	128.1	128.92
2015-03-20	129.46	131.35	129.23	131.04
2015-03-23	130.81	130.81	129.98	130.45
2015-03-24	129.86	131.57	129.86	131.31
2015-03-25	131.09	131.39	130.14	130.59
2015-03-26	129.26	129.88	127.95	129.88
2015-03-27	130.3	130.34	129.64	129.87
2015-03-30	130.48	131.81	130.48	131.54
2015-03-31	131.23	132.15	130.26	130.82
2015-04-01	129.54	131.89	129.54	131.09
2015-04-02	131.14	131.53	131.0	131.28
2015-04-07	131.92	133.31	131.92	133.15
2015-04-08	133.28	133.74	132.61	132.61
2015-04-09	133.11	134.0	133.04	133.55
2015-04-10	134.29	135.14	134.15	134.86
2015-04-13	135.11	135.81	135.11	135.74
2015-04-14	135.28	135.4	133.92	134.34
2015-04-15	134.64	135.62	134.64	135.13
2015-04-16	134.55	134.63	133.24	133.24
2015-04-17	132.83	133.37	130.59	130.59
2015-04-20	131.26	132.31	131.21	132.31
2015-04-21	132.85	133.06	131.82	132.13
2015-04-22	132.64	132.64	130.94	131.84
2015-04-23	132.13	132.13	130.37	131.1
2015-04-24	131.99	132.36	131.39	132.05
2015-04-27	132.12	133.89	130.88	133.41
2015-04-28	133.61	133.61	131.8	131.8
2015-04-29	132.57	132.57	128.65	128.76
2015-04-30	128.56	129.55	128.02	128.93
2015-05-04	129.1	130.44	128.63	130.15
2015-05-05	129.4	130.34	126.99	127.15
2015-05-06	126.81	127.62	126.0	127.02
2015-05-07	126.35	127.28	124.78	126.92
2015-05-08	127.57	129.9	127.57	129.85
2015-05-11	130.06	130.06	129.22	129.56
2015-05-12	128.63	128.63	127.58	128.18
2015-05-13	128.45	129.55	127.7	127.92
2015-05-14	127.05	129.62	127.05	129.46
2015-05-15	129.65	129.71	128.33	128.49
2015-05-18	128.28	129.23	127.61	129.23
2015-05-19	129.89	131.75	129.89	131.63
2015-05-20	131.53	132.42	131.27	131.85
2015-05-21	131.95	132.25	131.45	132.19
2015-05-22	132.31	132.34	131.82	132.26
2015-05-26	131.44	131.44	129.54	129.68
2015-05-27	130.36	132.05	129.72	132.05
2015-05-28	131.15	131.42	129.6	130.58
2015-05-29	130.73	130.73	127.99	127.99
2015-06-01	128.59	128.97	127.65	128.06
2015-06-02	128.43	128.5	126.71	128.01
2015-06-03	128.41	129.5	128.04	129.1
2015-06-04	127.8	128.63	126.58	127.93
2015-06-05	126.37	126.8	125.79	126.24
2015-06-08	125.89	126.0	124.9	124.9
2015-06-09	124.6	124.63	122.59	124.32
2015-06-10	123.67	127.16	123.67	126.96
2015-06-11	126.95	128.31	126.83	127.48
2015-06-12	127.05	127.35	125.12	126.33
2015-06-15	124.0	124.64	123.6	123.6
2015-06-16	122.73	124.26	122.1	123.92
2015-06-17	123.97	124.03	122.92	123.31
2015-06-18	122.88	123.86	121.64	123.86
2015-06-19	123.79	125.45	123.79	124.2
2015-06-22	127.48	128.83	126.78	128.83
2015-06-23	130.25	130.57	129.57	130.16
2015-06-24	130.03	130.03	129.09	129.36
2015-06-25	128.82	129.45	128.82	129.34
2015-06-26	128.32	130.6	128.32	129.93
2015-06-29	123.93	125.87	123.93	124.5
2015-06-30	124.17	125.17	123.11	123.49
2015-07-01	124.28	126.21	124.26	125.82
2015-07-02	125.73	125.89	124.68	125.02
2015-07-03	124.63	124.63	123.44	124.35
2015-07-06	121.64	122.73	121.0	121.0
2015-07-07	121.37	121.37	118.35	118.35
2015-07-08	114.82	115.45	114.82	115.32
2015-07-09	115.74	118.89	115.74	118.83
2015-07-10	121.26	122.11	121.26	122.11
2015-07-13	123.69	124.09	123.69	124.09
2015-07-14	123.8	124.49	123.44	124.49
2015-07-15	124.46	125.31	124.46	125.31
2015-07-16	125.82	127.06	125.82	127.05
2015-07-17	127.31	127.31	126.62	127.07
2015-07-20	127.42	128.13	127.31	127.71
2015-07-21	127.8	127.8	126.07	126.17
2015-07-22	125.58	126.0	125.58	125.91
2015-07-23	126.52	126.52	125.44	125.44
2015-07-24	125.27	125.68	124.17	124.17
2015-07-27	123.54	123.54	121.79	121.79
2015-07-28	122.54	123.42	122.54	123.18
2015-07-29	123.75	123.75	122.93	123.53
2015-07-30	124.44	124.44	123.41	123.92
2015-07-31	124.11	124.52	123.33	124.52
2015-08-03	124.56	125.45	124.33	125.45
2015-08-04	124.95	125.02	124.52	124.67
2015-08-05	125.5	126.99	125.5	126.99
2015-08-06	126.34	126.79	126.25	126.25
2015-08-07	126.32	126.32	125.66	125.66
2015-08-10	126.26	126.82	125.57	126.82
2015-08-11	126.57	126.57	125.01	125.01
2015-08-12	123.19	123.19	121.4	121.4
2015-08-13	122.86	122.86	122.28	122.28
2015-08-14	122.22	122.38	121.73	121.73
2015-08-17	122.91	122.91	120.5	121.73
2015-08-18	121.45	121.79	121.35	121.55
2015-08-19	120.93	120.93	119.51	119.51
2015-08-20	119.27	119.5	117.37	117.37
2015-08-21	115.35	116.36	113.67	113.67
2015-08-24	109.87	111.02	106.11	107.9
2015-08-25	108.98	112.39	108.73	112.39
2015-08-26	110.02	112.1	110.02	110.79
2015-08-27	112.97	114.69	112.66	114.38
2015-08-28	114.54	114.54	113.74	114.49
2015-08-31	114.0	114.0	113.06	113.89
2015-09-01	112.47	112.47	110.43	110.69
2015-09-02	111.41	111.57	111.11	111.57
2015-09-03	112.2	113.37	112.2	113.37
2015-09-04	112.32	112.32	110.24	110.64
2015-09-07	111.79	111.79	110.85	111.13
2015-09-08	112.18	113.8	112.18	112.6
2015-09-09	115.0	115.24	113.92	113.92
2015-09-10	112.83	113.04	112.21	112.47
2015-09-11	112.27	112.27	111.05	111.05
2015-09-14	110.83	111.04	110.51	110.51
2015-09-15	110.63	111.81	109.83	111.25
2015-09-16	112.19	112.46	112.13	112.46
2015-09-17	112.83	112.88	112.79	112.79
2015-09-18	111.58	111.58	108.93	109.05
2015-09-21	109.29	110.2	109.06	109.92
2015-09-22	109.57	109.57	105.92	105.92
2015-09-23	106.38	107.04	105.5	106.08
2015-09-24	105.84	106.73	103.94	103.94
2015-09-25	105.76	107.37	105.76	106.79
2015-09-28	105.68	106.63	104.18	104.18
2015-09-29	102.8	104.87	102.8	104.06
2015-09-30	106.05	106.51	105.59	106.23
2015-10-01	107.49	107.69	105.45	105.45
2015-10-02	106.5	107.58	105.08	106.09
2015-10-05	108.01	109.78	108.01	109.45
2015-10-06	109.77	111.29	109.77	110.95
2015-10-07	111.51	112.98	111.51	111.53
2015-10-08	111.5	111.99	111.35	111.89
2015-10-09	112.88	113.62	112.88	112.95
2015-10-12	113.23	113.23	112.44	112.74
2015-10-13	112.07	112.07	110.97	111.49
2015-10-14	110.47	111.17	110.47	110.66
2015-10-15	111.53	111.97	111.53	111.87
2015-10-16	112.52	113.07	112.36	112.63
2015-10-19	112.89	113.29	112.77	112.77
2015-10-20	112.76	112.76	111.53	111.99
2015-10-21	112.04	112.84	111.94	112.58
2015-10-22	112.17	115.29	112.17	115.07
2015-10-23	116.01	117.73	116.01	117.07
2015-10-26	117.1	117.51	116.91	117.11
2015-10-27	116.36	116.71	115.75	115.88
2015-10-28	115.84	117.09	115.84	117.09
2015-10-29	116.59	116.59	115.46	115.89
2015-10-30	116.47	116.47	115.74	116.07
2015-11-02	115.6	117.52	115.6	117.28
2015-11-03	117.1	117.49	116.8	117.26
2015-11-04	117.99	118.54	117.23	117.23
2015-11-05	117.55	118.15	117.3	117.5
2015-11-06	117.28	118.14	117.13	117.94
2015-11-09	118.15	118.35	116.13	116.13
2015-11-10	116.56	116.56	115.41	116.46
2015-11-11	116.62	117.11	116.62	116.92
2015-11-12	116.09	116.09	114.75	114.75
2015-11-13	114.45	114.96	113.19	113.83
2015-11-16	112.89	114.16	112.89	114.06
2015-11-17	114.91	116.9	114.91	116.65
2015-11-18	116.02	116.91	116.02	116.78
2015-11-19	117.63	118.35	117.63	117.82
2015-11-20	117.85	117.86	117.0	117.37
2015-11-23	116.97	117.35	116.69	117.14
2015-11-24	116.55	116.55	115.59	116.06
2015-11-25	116.13	117.55	116.13	117.55
2015-11-26	117.47	119.11	117.47	118.9
2015-11-27	118.34	119.24	118.34	118.37
2015-11-30	118.14	119.6	118.14	119.42
2015-12-01	119.65	119.88	118.61	118.61
2015-12-02	118.8	118.8	117.99	118.17
2015-12-03	117.9	119.15	114.04	114.04
2015-12-04	114.22	114.37	113.37	114.27
2015-12-07	114.52	115.5	114.28	114.38
2015-12-08	114.4	114.4	112.18	112.28
2015-12-09	112.05	112.15	110.6	111.2
2015-12-10	111.0	111.62	111.0	111.12
2015-12-11	110.64	110.64	108.78	108.87
2015-12-14	109.17	109.89	106.76	107.21
2015-12-15	107.8	109.88	107.8	109.84
2015-12-16	110.21	110.56	109.49	109.97
2015-12-17	111.96	112.88	111.74	111.74
2015-12-18	110.92	111.26	110.55	110.55
2015-12-21	110.12	111.0	108.98	108.98
2015-12-22	109.83	109.92	108.79	109.17
2015-12-23	110.03	111.95	110.03	111.95
2015-12-28	113.01	113.01	110.62	111.17
2015-12-29	112.45	112.65	112.01	112.65
2015-12-30	112.06	112.31	112.06	112.06
2016-01-04	108.2	108.26	107.36	107.44
2016-01-05	108.85	108.85	106.95	107.89
2016-01-06	107.65	107.65	106.13	107.05
2016-01-07	103.87	104.87	103.02	104.8
2016-01-08	105.05	105.2	103.26	103.26
2016-01-11	102.91	103.51	102.91	103.13
2016-01-12	103.01	104.81	103.01	104.19
2016-01-13	105.09	105.83	104.39	104.39
2016-01-14	102.74	102.92	101.7	102.92
2016-01-15	102.63	102.63	99.51	99.67
2016-01-18	100.03	100.03	99.03	99.26
2016-01-19	100.98	101.02	100.14	100.77
2016-01-20	98.02	98.02	96.59	96.7
2016-01-21	97.05	99.33	96.5	99.33
2016-01-22	100.81	102.4	100.81	101.67
2016-01-25	102.01	102.01	100.54	100.55
2016-01-26	98.99	102.11	98.99	102.11
2016-01-27	101.64	102.41	101.11	102.41
2016-01-28	101.97	102.44	100.59	100.59
2016-01-29	102.25	102.38	101.29	102.38
2016-02-01	102.48	102.48	100.77	101.9
2016-02-02	101.36	101.36	98.64	98.64
2016-02-03	98.39	98.62	97.15	97.15
2016-02-04	98.49	98.59	98.21	98.46
2016-02-05	98.2	98.81	97.67	97.67
2016-02-08	97.52	97.52	94.34	94.34
2016-02-09	94.59	94.59	91.33	92.43
2016-02-10	92.51	95.12	92.12	93.9
2016-02-11	92.26	92.26	89.86	89.98
2016-02-12	91.39	92.36	91.15	92.36
2016-02-15	94.83	96.13	94.83	95.94
2016-02-16	96.36	96.36	95.13	95.32
2016-02-17	95.35	98.04	95.35	98.04
2016-02-18	98.64	99.2	97.69	97.77
2016-02-19	97.55	97.55	96.37	96.37
2016-02-22	98.08	99.18	98.08	99.18
2016-02-23	98.18	98.97	97.44	97.44
2016-02-24	97.09	97.09	95.01	95.07
2016-02-25	96.5	97.55	96.5	96.99
2016-02-26	98.44	99.08	98.44	99.08
2016-02-29	97.92	99.47	97.85	99.47
2016-03-01	99.44	101.58	99.44	101.58
2016-03-02	102.16	102.71	101.99	102.71
2016-03-03	102.69	102.97	102.48	102.66
2016-03-04	103.38	103.77	103.02	103.52
2016-03-07	102.88	102.88	102.21	102.73
2016-03-08	101.65	102.85	101.65	102.49
2016-03-09	102.13	103.21	102.13	102.29
2016-03-10	102.19	104.95	101.32	101.32
2016-03-11	102.88	105.1	102.88	105.1
2016-03-14	106.0	106.0	105.62	105.74
